會員編號,年齡,性別,居住地區,會員等級,累積消費次數
M00001,40,女,台北市,一般會員,22
M00002,33,女,新北市,黃金會員,47
M00003,23,男,高雄市,一般會員,44
M00004,39,女,高雄市,白金會員,47
M00005,41,男,台南市,鑽石VIP,21
M00006,28,女,台北市,白金會員,29
M00007,36,女,新北市,黃金會員,24
M00008,29,女,台北市,白金會員,6
M00009,28,女,新北市,一般會員,29
M00010,34,女,新北市,一般會員,40
M00011,38,女,桃園市,一般會員,45
M00012,53,女,台北市,黃金會員,16
M00013,39,女,台南市,一般會員,18
M00014,36,女,台中市,白金會員,44
M00015,60,男,高雄市,白金會員,40
M00016,29,女,台北市,黃金會員,18
M00017,39,女,台北市,一般會員,8
M00018,50,女,台北市,一般會員,28
M00019,31,女,台北市,一般會員,45
M00020,31,女,台北市,一般會員,15
M00021,44,男,台北市,一般會員,9
M00022,32,女,台北市,黃金會員,23
M00023,47,女,台北市,白金會員,50
M00024,31,女,台中市,黃金會員,6
M00025,57,女,新竹市,一般會員,28
M00026,43,女,高雄市,白金會員,40
M00027,20,女,台北市,白金會員,38
M00028,30,女,台中市,白金會員,28
M00029,60,女,新北市,一般會員,18
M00030,54,女,台北市,黃金會員,21
M00031,43,女,台中市,一般會員,22
M00032,43,女,台北市,黃金會員,31
M00033,25,女,台中市,一般會員,2
M00034,21,男,台北市,白金會員,50
M00035,27,女,新北市,黃金會員,20
M00036,18,女,桃園市,白金會員,29
M00037,41,女,台北市,黃金會員,48
M00038,53,女,台北市,一般會員,14
M00039,29,女,台中市,一般會員,17
M00040,39,女,新北市,一般會員,18
M00041,57,男,台南市,一般會員,31
M00042,36,男,新北市,一般會員,8
M00043,25,男,新竹市,黃金會員,50
M00044,27,男,高雄市,一般會員,20
M00045,41,男,台中市,黃金會員,19
M00046,32,女,高雄市,黃金會員,23
M00047,25,女,新北市,一般會員,4
M00048,53,男,高雄市,一般會員,37
M00049,20,不透露,台中市,一般會員,37
M00050,23,男,台北市,一般會員,20
M00051,25,男,台中市,白金會員,31
M00052,24,女,台北市,一般會員,7
M00053,29,女,台中市,一般會員,8
M00054,27,女,台北市,一般會員,18
M00055,30,男,新北市,黃金會員,46
M00056,22,男,高雄市,一般會員,34
M00057,40,女,台南市,一般會員,35
M00058,32,不透露,台北市,白金會員,16
M00059,28,男,新北市,黃金會員,18
M00060,41,女,台北市,一般會員,46
M00061,33,女,台北市,一般會員,32
M00062,18,男,台北市,一般會員,11
M00063,24,男,台中市,一般會員,24
M00064,42,女,台北市,一般會員,18
M00065,43,女,台南市,白金會員,10
M00066,31,女,台南市,一般會員,15
M00067,28,男,台北市,白金會員,40
M00068,42,男,台北市,一般會員,14
M00069,19,男,台北市,一般會員,43
M00070,48,女,台中市,黃金會員,1
M00071,44,女,台南市,一般會員,31
M00072,43,女,台北市,黃金會員,6
M00073,25,女,新北市,白金會員,3
M00074,34,男,台南市,一般會員,3
M00075,37,女,台北市,白金會員,48
M00076,35,男,新竹市,一般會員,15
M00077,32,男,台南市,白金會員,32
M00078,35,女,台南市,一般會員,47
M00079,21,男,台北市,一般會員,10
M00080,33,女,台南市,黃金會員,38
M00081,24,男,台中市,黃金會員,45
M00082,38,女,新北市,黃金會員,21
M00083,36,女,桃園市,白金會員,13
M00084,25,女,台北市,一般會員,7
M00085,25,男,台中市,白金會員,49
M00086,37,女,新北市,白金會員,49
M00087,33,女,台中市,一般會員,31
M00088,25,女,新北市,一般會員,45
M00089,60,男,台北市,一般會員,48
M00090,34,女,台北市,一般會員,14
M00091,48,女,台中市,一般會員,23
M00092,26,女,新北市,黃金會員,7
M00093,44,男,新北市,黃金會員,49
M00094,53,女,台中市,黃金會員,37
M00095,27,男,高雄市,鑽石VIP,6
M00096,26,男,台北市,白金會員,48
M00097,27,女,新北市,白金會員,46
M00098,27,女,新北市,一般會員,22
M00099,36,男,新竹市,一般會員,30
M00100,36,男,台北市,黃金會員,25
M00101,31,女,台北市,一般會員,15
M00102,30,女,新北市,黃金會員,48
M00103,31,女,新北市,鑽石VIP,9
M00104,32,女,台北市,一般會員,44
M00105,24,女,桃園市,黃金會員,16
M00106,32,男,高雄市,黃金會員,12
M00107,29,男,台中市,黃金會員,40
M00108,34,女,台南市,一般會員,44
M00109,52,女,高雄市,白金會員,35
M00110,34,女,台北市,一般會員,33
M00111,60,女,台中市,白金會員,42
M00112,40,男,新竹市,一般會員,48
M00113,41,女,台北市,黃金會員,7
M00114,35,男,新北市,一般會員,17
M00115,60,女,高雄市,一般會員,49
M00116,34,女,新北市,黃金會員,32
M00117,26,女,新北市,一般會員,39
M00118,18,男,台中市,一般會員,47
M00119,54,女,台北市,一般會員,2
M00120,19,女,台南市,一般會員,30
M00121,25,男,新北市,一般會員,23
M00122,29,女,台南市,白金會員,48
M00123,31,不透露,台中市,黃金會員,26
M00124,41,男,新竹市,黃金會員,22
M00125,29,女,新北市,黃金會員,4
M00126,25,女,新北市,黃金會員,49
M00127,43,女,新北市,一般會員,31
M00128,54,女,台中市,一般會員,1
M00129,52,女,新北市,一般會員,23
M00130,32,男,新北市,一般會員,5
M00131,35,女,新北市,黃金會員,27
M00132,27,女,新北市,一般會員,31
M00133,40,男,台中市,黃金會員,48
M00134,18,女,台北市,一般會員,49
M00135,27,男,台北市,一般會員,23
M00136,19,女,新北市,一般會員,47
M00137,41,女,台中市,黃金會員,45
M00138,28,女,台北市,一般會員,5
M00139,38,女,新北市,一般會員,8
M00140,41,女,台北市,一般會員,29
M00141,53,女,新北市,一般會員,45
M00142,42,男,台北市,一般會員,30
M00143,31,女,桃園市,一般會員,35
M00144,42,女,新北市,鑽石VIP,47
M00145,23,女,高雄市,白金會員,41
M00146,19,男,台北市,黃金會員,28
M00147,44,女,台南市,白金會員,40
M00148,22,女,新北市,一般會員,41
M00149,32,男,台中市,一般會員,2
M00150,28,女,台北市,一般會員,19
M00151,38,女,台南市,一般會員,14
M00152,39,女,高雄市,一般會員,23
M00153,29,女,台南市,一般會員,34
M00154,36,女,新北市,黃金會員,26
M00155,29,女,新北市,白金會員,29
M00156,32,女,新竹市,一般會員,19
M00157,41,女,新北市,一般會員,42
M00158,29,女,台中市,黃金會員,44
M00159,42,男,台北市,一般會員,16
M00160,32,女,台北市,黃金會員,2
M00161,46,女,新北市,一般會員,46
M00162,43,女,台北市,黃金會員,6
M00163,55,女,台北市,一般會員,25
M00164,60,女,台中市,鑽石VIP,31
M00165,29,女,台南市,黃金會員,43
M00166,40,男,台北市,白金會員,39
M00167,40,女,台北市,一般會員,16
M00168,42,女,新北市,一般會員,20
M00169,35,女,新北市,一般會員,43
M00170,27,男,新北市,一般會員,27
M00171,24,女,新北市,一般會員,5
M00172,44,女,新竹市,一般會員,31
M00173,28,女,台南市,一般會員,5
M00174,34,女,台北市,一般會員,41
M00175,23,不透露,台北市,黃金會員,3
M00176,44,男,台北市,一般會員,32
M00177,36,女,高雄市,黃金會員,17
M00178,34,男,台北市,一般會員,23
M00179,43,男,桃園市,白金會員,42
M00180,33,女,台北市,黃金會員,8
M00181,36,女,桃園市,一般會員,32
M00182,33,女,台中市,黃金會員,8
M00183,36,女,台北市,黃金會員,5
M00184,43,女,台北市,一般會員,37
M00185,32,女,台北市,一般會員,50
M00186,36,女,台北市,黃金會員,32
M00187,32,不透露,台北市,黃金會員,48
M00188,21,男,台北市,白金會員,30
M00189,45,男,台北市,一般會員,26
M00190,43,女,高雄市,一般會員,13
M00191,27,女,台北市,一般會員,29
M00192,42,男,桃園市,一般會員,11
M00193,28,女,新北市,一般會員,3
M00194,28,男,台中市,黃金會員,40
M00195,19,不透露,台中市,一般會員,16
M00196,19,女,新北市,一般會員,10
M00197,28,男,新北市,一般會員,47
M00198,28,不透露,台北市,一般會員,48
M00199,34,男,新北市,一般會員,31
M00200,22,女,新北市,白金會員,29
M00201,20,女,桃園市,黃金會員,38
M00202,20,男,台北市,一般會員,34
M00203,22,男,高雄市,黃金會員,27
M00204,25,女,新北市,一般會員,50
M00205,23,女,台北市,白金會員,21
M00206,25,女,台北市,一般會員,38
M00207,25,男,高雄市,一般會員,9
M00208,40,不透露,台中市,一般會員,20
M00209,33,女,台中市,一般會員,42
M00210,38,男,台北市,一般會員,1
M00211,22,女,新竹市,白金會員,6
M00212,28,女,新北市,黃金會員,45
M00213,51,女,新北市,一般會員,40
M00214,29,女,台中市,白金會員,38
M00215,42,女,台北市,黃金會員,2
M00216,28,女,台北市,白金會員,34
M00217,22,男,台南市,一般會員,8
M00218,20,男,新北市,一般會員,45
M00219,38,男,台北市,一般會員,42
M00220,36,男,台北市,一般會員,36
M00221,41,男,高雄市,鑽石VIP,42
M00222,53,女,台中市,黃金會員,27
M00223,30,女,台北市,一般會員,41
M00224,20,女,新竹市,一般會員,13
M00225,32,男,新北市,一般會員,34
M00226,25,女,台中市,鑽石VIP,37
M00227,27,女,新北市,一般會員,29
M00228,36,女,新北市,一般會員,7
M00229,33,女,高雄市,一般會員,6
M00230,25,男,台南市,一般會員,25
M00231,19,女,台南市,黃金會員,49
M00232,36,女,台中市,一般會員,36
M00233,22,女,台中市,一般會員,42
M00234,20,男,桃園市,一般會員,32
M00235,28,女,台中市,黃金會員,39
M00236,40,女,新北市,一般會員,8
M00237,25,男,台北市,一般會員,34
M00238,28,女,新北市,黃金會員,40
M00239,38,女,桃園市,黃金會員,18
M00240,32,男,台南市,一般會員,6
M00241,31,不透露,高雄市,一般會員,16
M00242,38,女,台北市,一般會員,39
M00243,29,女,台中市,一般會員,44
M00244,19,不透露,桃園市,鑽石VIP,46
M00245,50,女,台中市,一般會員,35
M00246,28,女,台北市,一般會員,40
M00247,22,男,高雄市,一般會員,19
M00248,40,女,高雄市,一般會員,27
M00249,58,男,台北市,黃金會員,27
M00250,31,男,台北市,一般會員,28
M00251,18,男,高雄市,一般會員,15
M00252,60,女,新北市,一般會員,50
M00253,43,男,台北市,白金會員,23
M00254,23,男,台北市,黃金會員,37
M00255,42,不透露,台北市,白金會員,16
M00256,50,女,新北市,一般會員,6
M00257,29,不透露,台中市,白金會員,19
M00258,33,男,台北市,白金會員,29
M00259,26,女,台北市,黃金會員,44
M00260,18,男,高雄市,一般會員,33
M00261,29,女,台中市,一般會員,17
M00262,31,女,台南市,黃金會員,42
M00263,27,男,高雄市,一般會員,23
M00264,33,女,新北市,一般會員,36
M00265,35,女,台北市,一般會員,13
M00266,34,女,新北市,一般會員,3
M00267,35,女,新北市,黃金會員,25
M00268,36,女,台中市,一般會員,10
M00269,54,女,新竹市,白金會員,8
M00270,27,女,台北市,白金會員,27
M00271,40,女,新竹市,黃金會員,34
M00272,27,女,台北市,黃金會員,35
M00273,34,女,新北市,一般會員,18
M00274,44,女,新北市,白金會員,6
M00275,34,男,台北市,黃金會員,10
M00276,26,女,新北市,白金會員,13
M00277,23,男,台北市,鑽石VIP,20
M00278,56,男,台中市,白金會員,40
M00279,60,女,台北市,一般會員,29
M00280,21,女,桃園市,一般會員,41
M00281,25,女,台中市,黃金會員,27
M00282,28,男,新北市,一般會員,2
M00283,55,女,台南市,一般會員,49
M00284,30,男,高雄市,一般會員,29
M00285,34,男,台北市,黃金會員,6
M00286,43,女,新竹市,白金會員,4
M00287,19,男,新北市,白金會員,13
M00288,25,女,新北市,一般會員,44
M00289,29,不透露,新北市,一般會員,32
M00290,33,男,台北市,一般會員,10
M00291,35,女,台中市,白金會員,14
M00292,35,女,桃園市,一般會員,44
M00293,40,不透露,新竹市,一般會員,32
M00294,48,女,新北市,一般會員,12
M00295,36,男,新北市,一般會員,25
M00296,24,男,新北市,白金會員,12
M00297,30,男,台北市,白金會員,12
M00298,25,女,台北市,一般會員,39
M00299,42,女,高雄市,一般會員,44
M00300,30,女,新北市,黃金會員,17
M00301,33,男,台中市,一般會員,29
M00302,42,女,台北市,一般會員,30
M00303,59,男,台北市,黃金會員,11
M00304,28,不透露,台中市,一般會員,2
M00305,47,女,台南市,鑽石VIP,28
M00306,41,男,高雄市,白金會員,8
M00307,29,女,台北市,一般會員,33
M00308,44,女,台北市,白金會員,34
M00309,41,男,台北市,一般會員,17
M00310,60,女,桃園市,白金會員,12
M00311,28,男,台中市,白金會員,20
M00312,37,女,新北市,黃金會員,32
M00313,20,女,台南市,黃金會員,48
M00314,25,男,台南市,黃金會員,25
M00315,33,女,台南市,一般會員,25
M00316,42,女,台中市,一般會員,4
M00317,29,女,台北市,白金會員,24
M00318,30,女,台北市,一般會員,24
M00319,37,男,台中市,一般會員,25
M00320,24,男,新竹市,一般會員,27
M00321,30,男,高雄市,一般會員,43
M00322,31,女,新北市,鑽石VIP,37
M00323,43,女,高雄市,鑽石VIP,30
M00324,36,男,台中市,一般會員,31
M00325,27,男,新北市,一般會員,44
M00326,33,女,台北市,一般會員,50
M00327,38,女,台南市,黃金會員,22
M00328,32,女,台北市,黃金會員,25
M00329,31,男,台北市,白金會員,21
M00330,26,男,台北市,黃金會員,1
M00331,29,男,桃園市,黃金會員,13
M00332,27,男,高雄市,黃金會員,11
M00333,43,男,台南市,鑽石VIP,32
M00334,43,男,台北市,黃金會員,4
M00335,32,女,台中市,一般會員,8
M00336,27,男,新竹市,一般會員,20
M00337,18,女,台北市,一般會員,46
M00338,34,男,高雄市,一般會員,41
M00339,34,女,新北市,鑽石VIP,4
M00340,19,女,新北市,一般會員,8
M00341,27,女,台中市,鑽石VIP,22
M00342,40,女,台中市,一般會員,7
M00343,26,女,台南市,一般會員,40
M00344,39,女,新北市,白金會員,15
M00345,42,女,桃園市,一般會員,23
M00346,32,女,台中市,一般會員,7
M00347,41,女,台北市,黃金會員,21
M00348,27,女,台南市,一般會員,12
M00349,53,女,台北市,一般會員,4
M00350,33,男,新北市,一般會員,47
M00351,31,不透露,新北市,一般會員,21
M00352,28,男,台北市,一般會員,24
M00353,22,女,新北市,白金會員,22
M00354,33,女,台南市,一般會員,38
M00355,29,女,台中市,一般會員,44
M00356,43,男,台北市,一般會員,14
M00357,51,女,高雄市,一般會員,23
M00358,30,女,台北市,一般會員,5
M00359,31,女,台北市,一般會員,35
M00360,32,男,台北市,黃金會員,49
M00361,34,男,新北市,一般會員,15
M00362,38,女,新北市,一般會員,31
M00363,57,女,高雄市,白金會員,50
M00364,57,男,台中市,鑽石VIP,14
M00365,35,男,新北市,一般會員,13
M00366,43,女,台中市,一般會員,26
M00367,47,女,台北市,黃金會員,35
M00368,43,男,新北市,一般會員,3
M00369,20,不透露,台北市,鑽石VIP,20
M00370,57,女,台中市,一般會員,43
M00371,48,女,台北市,鑽石VIP,48
M00372,26,女,台中市,黃金會員,40
M00373,26,不透露,台中市,黃金會員,6
M00374,28,不透露,新北市,一般會員,33
M00375,33,不透露,台南市,黃金會員,34
M00376,43,女,桃園市,鑽石VIP,23
M00377,33,女,台北市,黃金會員,3
M00378,36,女,台北市,一般會員,33
M00379,39,女,台南市,白金會員,26
M00380,24,男,新北市,黃金會員,32
M00381,25,女,桃園市,一般會員,2
M00382,41,女,新北市,一般會員,36
M00383,51,女,台北市,黃金會員,36
M00384,33,女,高雄市,一般會員,23
M00385,20,女,新北市,一般會員,9
M00386,30,女,高雄市,一般會員,12
M00387,31,男,高雄市,黃金會員,15
M00388,31,女,台北市,一般會員,25
M00389,19,女,台中市,黃金會員,32
M00390,24,不透露,台北市,一般會員,28
M00391,39,女,台北市,一般會員,36
M00392,44,男,新北市,白金會員,13
M00393,30,男,台南市,一般會員,48
M00394,30,男,台北市,一般會員,34
M00395,34,女,台北市,白金會員,17
M00396,21,不透露,桃園市,白金會員,27
M00397,41,不透露,台北市,一般會員,31
M00398,26,男,新北市,黃金會員,27
M00399,43,女,台中市,黃金會員,36
M00400,29,不透露,台北市,鑽石VIP,20
M00401,46,男,新北市,一般會員,48
M00402,31,女,台北市,一般會員,42
M00403,32,女,台北市,一般會員,35
M00404,40,女,新北市,一般會員,7
M00405,23,女,新北市,鑽石VIP,40
M00406,26,不透露,台南市,黃金會員,17
M00407,43,女,桃園市,鑽石VIP,36
M00408,43,男,台中市,一般會員,10
M00409,37,女,台中市,鑽石VIP,1
M00410,34,女,台北市,一般會員,27
M00411,50,男,新北市,一般會員,45
M00412,29,女,台南市,白金會員,26
M00413,28,不透露,台南市,鑽石VIP,35
M00414,37,女,新北市,一般會員,6
M00415,34,女,新北市,白金會員,10
M00416,28,男,新北市,白金會員,34
M00417,32,女,新北市,一般會員,16
M00418,31,男,桃園市,一般會員,29
M00419,25,女,台中市,黃金會員,42
M00420,38,女,台北市,一般會員,7
M00421,38,女,台中市,一般會員,44
M00422,32,男,新北市,一般會員,1
M00423,35,女,高雄市,白金會員,29
M00424,33,女,新北市,一般會員,40
M00425,60,女,高雄市,白金會員,29
M00426,30,男,台北市,黃金會員,47
M00427,32,不透露,台北市,黃金會員,30
M00428,34,女,高雄市,一般會員,36
M00429,30,女,新北市,一般會員,4
M00430,40,女,台北市,黃金會員,44
M00431,34,不透露,桃園市,一般會員,28
M00432,57,女,高雄市,黃金會員,48
M00433,35,男,新竹市,一般會員,46
M00434,25,男,台中市,黃金會員,28
M00435,42,女,台中市,一般會員,38
M00436,21,女,台北市,黃金會員,13
M00437,50,女,台南市,黃金會員,49
M00438,26,女,台南市,白金會員,10
M00439,41,女,新北市,一般會員,30
M00440,35,男,台南市,一般會員,1
M00441,34,男,台南市,黃金會員,27
M00442,19,男,新北市,一般會員,34
M00443,29,女,台北市,白金會員,6
M00444,34,女,新北市,一般會員,45
M00445,40,女,台中市,一般會員,27
M00446,34,男,台南市,一般會員,45
M00447,22,女,新竹市,一般會員,37
M00448,18,女,新北市,白金會員,5
M00449,28,女,新北市,一般會員,31
M00450,29,女,新北市,白金會員,14
M00451,35,男,台北市,一般會員,11
M00452,32,女,桃園市,黃金會員,21
M00453,44,男,台中市,白金會員,44
M00454,24,男,高雄市,白金會員,43
M00455,34,女,台南市,黃金會員,26
M00456,48,不透露,新北市,白金會員,48
M00457,34,女,台北市,一般會員,33
M00458,39,女,台北市,一般會員,49
M00459,33,不透露,台中市,一般會員,14
M00460,35,女,台南市,鑽石VIP,19
M00461,27,女,台中市,黃金會員,4
M00462,24,女,台中市,黃金會員,15
M00463,32,男,新竹市,一般會員,17
M00464,30,女,新北市,一般會員,40
M00465,30,女,台北市,黃金會員,11
M00466,48,女,台北市,一般會員,3
M00467,39,男,台北市,白金會員,19
M00468,38,女,桃園市,黃金會員,11
M00469,34,男,高雄市,一般會員,18
M00470,34,女,新北市,黃金會員,36
M00471,35,男,台中市,一般會員,28
M00472,39,女,台北市,黃金會員,1
M00473,36,男,高雄市,黃金會員,13
M00474,36,不透露,台北市,白金會員,33
M00475,30,女,高雄市,黃金會員,38
M00476,23,女,台北市,白金會員,42
M00477,58,女,新北市,一般會員,8
M00478,41,女,新北市,鑽石VIP,32
M00479,48,女,新北市,黃金會員,27
M00480,33,不透露,台北市,一般會員,17
M00481,18,女,台北市,一般會員,36
M00482,23,女,台中市,鑽石VIP,6
M00483,51,男,桃園市,黃金會員,42
M00484,23,女,桃園市,鑽石VIP,28
M00485,29,女,新北市,一般會員,37
M00486,23,男,台南市,一般會員,9
M00487,41,男,新北市,一般會員,7
M00488,38,男,新北市,白金會員,17
M00489,32,女,新北市,黃金會員,35
M00490,32,男,新北市,鑽石VIP,41
M00491,23,男,高雄市,白金會員,25
M00492,31,男,台中市,一般會員,23
M00493,21,女,台北市,黃金會員,7
M00494,45,女,台南市,一般會員,14
M00495,46,女,台北市,白金會員,10
M00496,22,女,台北市,一般會員,35
M00497,22,男,台北市,黃金會員,13
M00498,27,女,台北市,黃金會員,44
M00499,35,男,台北市,一般會員,40
M00500,23,女,台北市,一般會員,11
M00501,43,女,新北市,白金會員,6
M00502,27,女,高雄市,一般會員,1
M00503,52,男,新北市,一般會員,20
M00504,26,女,新北市,黃金會員,30
M00505,21,男,桃園市,一般會員,33
M00506,26,女,台北市,一般會員,26
M00507,32,男,台北市,黃金會員,47
M00508,34,女,台中市,一般會員,24
M00509,51,女,台中市,白金會員,40
M00510,41,男,新北市,黃金會員,22
M00511,40,男,台北市,一般會員,42
M00512,44,女,新竹市,黃金會員,40
M00513,33,女,台中市,白金會員,40
M00514,38,男,新北市,一般會員,48
M00515,32,男,台中市,黃金會員,24
M00516,37,男,台南市,一般會員,43
M00517,19,男,新北市,鑽石VIP,13
M00518,21,女,高雄市,一般會員,10
M00519,51,女,台北市,白金會員,38
M00520,25,女,台北市,黃金會員,14
M00521,28,女,高雄市,一般會員,16
M00522,25,女,高雄市,一般會員,21
M00523,57,女,高雄市,黃金會員,30
M00524,37,女,台北市,白金會員,37
M00525,34,女,台北市,一般會員,3
M00526,49,女,新北市,一般會員,27
M00527,27,女,台北市,白金會員,10
M00528,32,女,桃園市,白金會員,1
M00529,44,男,台北市,黃金會員,11
M00530,44,女,台北市,黃金會員,38
M00531,28,女,高雄市,一般會員,17
M00532,30,女,新北市,一般會員,31
M00533,36,女,高雄市,一般會員,5
M00534,30,女,新北市,黃金會員,12
M00535,27,女,新北市,一般會員,7
M00536,22,男,台北市,一般會員,44
M00537,25,女,台南市,白金會員,32
M00538,30,女,台南市,白金會員,45
M00539,44,女,台北市,一般會員,1
M00540,34,女,高雄市,黃金會員,48
M00541,35,女,台中市,白金會員,25
M00542,60,女,新竹市,一般會員,1
M00543,29,女,台北市,一般會員,43
M00544,28,不透露,台北市,一般會員,1
M00545,19,男,台南市,黃金會員,13
M00546,37,女,台北市,白金會員,50
M00547,18,男,台中市,黃金會員,39
M00548,35,女,新北市,一般會員,41
M00549,21,女,台北市,一般會員,31
M00550,25,男,台中市,鑽石VIP,38
M00551,42,男,台北市,一般會員,37
M00552,31,女,台南市,鑽石VIP,17
M00553,18,女,台中市,一般會員,24
M00554,19,女,新北市,鑽石VIP,35
M00555,40,女,桃園市,一般會員,44
M00556,45,女,台南市,黃金會員,45
M00557,32,男,台北市,一般會員,20
M00558,41,女,新竹市,黃金會員,37
M00559,40,女,台南市,鑽石VIP,25
M00560,26,男,台北市,黃金會員,2
M00561,40,不透露,新北市,黃金會員,6
M00562,28,女,台南市,一般會員,49
M00563,26,女,台南市,黃金會員,18
M00564,25,女,台南市,黃金會員,7
M00565,30,女,新竹市,一般會員,36
M00566,43,女,台南市,一般會員,5
M00567,33,不透露,新北市,白金會員,32
M00568,19,女,台北市,黃金會員,43
M00569,40,女,台中市,黃金會員,41
M00570,31,男,台北市,黃金會員,29
M00571,40,女,台中市,黃金會員,2
M00572,60,女,新北市,白金會員,41
M00573,35,女,新北市,一般會員,4
M00574,28,女,新北市,一般會員,16
M00575,29,女,新竹市,一般會員,4
M00576,39,女,台中市,黃金會員,24
M00577,41,女,高雄市,一般會員,37
M00578,35,女,高雄市,一般會員,38
M00579,43,男,新北市,黃金會員,6
M00580,24,女,台中市,一般會員,24
M00581,32,女,台北市,一般會員,2
M00582,56,不透露,台北市,一般會員,6
M00583,27,女,台南市,黃金會員,45
M00584,33,女,新北市,黃金會員,31
M00585,18,女,高雄市,一般會員,3
M00586,34,男,新北市,一般會員,24
M00587,22,女,新北市,一般會員,14
M00588,40,女,台北市,一般會員,1
M00589,22,女,台北市,一般會員,10
M00590,30,女,台北市,白金會員,9
M00591,22,女,台北市,一般會員,31
M00592,34,不透露,高雄市,黃金會員,10
M00593,49,男,台中市,鑽石VIP,20
M00594,23,女,台北市,黃金會員,23
M00595,31,女,台北市,一般會員,33
M00596,37,女,新竹市,一般會員,34
M00597,35,男,新北市,鑽石VIP,35
M00598,33,女,桃園市,一般會員,45
M00599,18,女,高雄市,黃金會員,14
M00600,40,女,新北市,黃金會員,50
M00601,44,女,高雄市,黃金會員,26
M00602,31,女,台中市,白金會員,21
M00603,38,女,新北市,一般會員,27
M00604,41,女,高雄市,一般會員,50
M00605,20,男,台北市,一般會員,47
M00606,40,男,高雄市,一般會員,10
M00607,41,女,台北市,一般會員,21
M00608,34,女,台北市,黃金會員,3
M00609,32,男,台南市,鑽石VIP,4
M00610,32,女,新北市,鑽石VIP,19
M00611,27,女,新北市,黃金會員,24
M00612,28,不透露,台南市,白金會員,32
M00613,24,男,台北市,一般會員,40
M00614,38,女,新北市,一般會員,28
M00615,42,女,台北市,一般會員,38
M00616,39,女,台中市,黃金會員,50
M00617,29,男,台中市,黃金會員,27
M00618,46,女,新北市,黃金會員,17
M00619,44,女,新竹市,白金會員,4
M00620,21,女,新北市,一般會員,41
M00621,38,女,新北市,一般會員,11
M00622,25,女,新北市,白金會員,40
M00623,35,女,台南市,黃金會員,35
M00624,36,女,台南市,黃金會員,23
M00625,30,女,台北市,黃金會員,36
M00626,21,女,台中市,一般會員,38
M00627,42,女,台中市,一般會員,26
M00628,35,女,新北市,黃金會員,29
M00629,33,女,新竹市,一般會員,32
M00630,19,女,新北市,一般會員,24
M00631,33,女,新竹市,黃金會員,25
M00632,27,男,台中市,一般會員,49
M00633,34,男,台南市,白金會員,38
M00634,53,男,台北市,黃金會員,12
M00635,32,女,台北市,鑽石VIP,43
M00636,32,女,台北市,黃金會員,34
M00637,27,女,台北市,黃金會員,42
M00638,31,女,新北市,黃金會員,49
M00639,35,女,桃園市,白金會員,41
M00640,30,女,新北市,白金會員,26
M00641,26,女,台北市,白金會員,45
M00642,37,女,新北市,一般會員,3
M00643,25,男,台中市,鑽石VIP,29
M00644,32,女,台北市,黃金會員,21
M00645,25,男,桃園市,黃金會員,23
M00646,19,女,台南市,黃金會員,4
M00647,25,女,台南市,一般會員,23
M00648,32,女,台中市,黃金會員,4
M00649,31,男,台北市,一般會員,17
M00650,25,女,台中市,白金會員,22
M00651,37,女,新竹市,一般會員,38
M00652,31,男,台南市,白金會員,37
M00653,26,女,高雄市,一般會員,12
M00654,30,女,新竹市,一般會員,4
M00655,50,女,高雄市,一般會員,15
M00656,37,男,台中市,白金會員,3
M00657,31,女,台北市,黃金會員,22
M00658,42,男,高雄市,白金會員,43
M00659,18,女,新北市,黃金會員,9
M00660,34,女,高雄市,一般會員,3
M00661,37,女,台北市,白金會員,36
M00662,20,不透露,台北市,一般會員,4
M00663,38,男,新北市,一般會員,12
M00664,23,女,新北市,一般會員,21
M00665,32,女,高雄市,一般會員,10
M00666,28,女,台中市,一般會員,24
M00667,29,女,台南市,一般會員,27
M00668,46,男,桃園市,一般會員,8
M00669,43,女,高雄市,一般會員,33
M00670,23,女,台北市,一般會員,46
M00671,34,女,高雄市,鑽石VIP,34
M00672,32,女,新竹市,一般會員,20
M00673,43,男,桃園市,一般會員,46
M00674,38,女,新竹市,一般會員,27
M00675,44,女,桃園市,黃金會員,7
M00676,29,不透露,台北市,一般會員,39
M00677,19,男,新竹市,一般會員,30
M00678,23,男,台南市,一般會員,44
M00679,37,不透露,台北市,一般會員,40
M00680,40,女,台中市,一般會員,3
M00681,22,女,台北市,黃金會員,46
M00682,29,女,高雄市,黃金會員,29
M00683,26,女,高雄市,鑽石VIP,50
M00684,24,女,台北市,一般會員,12
M00685,34,女,新北市,白金會員,9
M00686,44,女,新北市,一般會員,49
M00687,27,女,台南市,鑽石VIP,4
M00688,35,女,台南市,鑽石VIP,29
M00689,42,女,桃園市,黃金會員,20
M00690,27,女,台北市,黃金會員,32
M00691,31,女,新竹市,一般會員,50
M00692,29,男,高雄市,白金會員,36
M00693,32,男,桃園市,白金會員,1
M00694,44,男,台北市,一般會員,47
M00695,31,女,高雄市,一般會員,23
M00696,33,男,新北市,一般會員,19
M00697,40,男,台南市,一般會員,6
M00698,44,男,台南市,一般會員,12
M00699,29,女,台北市,黃金會員,19
M00700,27,男,台北市,一般會員,38
M00701,27,女,台北市,一般會員,17
M00702,33,女,新北市,一般會員,29
M00703,19,女,台中市,黃金會員,29
M00704,28,女,台北市,一般會員,20
M00705,22,女,新北市,一般會員,24
M00706,31,男,台中市,一般會員,41
M00707,35,男,台南市,一般會員,41
M00708,27,女,高雄市,一般會員,35
M00709,33,女,台南市,一般會員,3
M00710,37,女,新北市,黃金會員,24
M00711,31,男,台南市,白金會員,32
M00712,42,女,台中市,一般會員,11
M00713,50,男,台北市,黃金會員,20
M00714,41,女,新北市,黃金會員,19
M00715,42,男,台中市,鑽石VIP,45
M00716,25,男,新北市,一般會員,35
M00717,40,女,高雄市,黃金會員,27
M00718,35,女,新北市,白金會員,37
M00719,37,男,桃園市,黃金會員,13
M00720,38,女,台北市,黃金會員,29
M00721,28,女,台北市,一般會員,50
M00722,31,男,台北市,黃金會員,26
M00723,37,女,台南市,黃金會員,50
M00724,25,女,台北市,一般會員,34
M00725,29,女,高雄市,黃金會員,40
M00726,27,女,台北市,一般會員,12
M00727,35,女,台北市,一般會員,27
M00728,42,女,台南市,一般會員,25
M00729,32,男,新北市,一般會員,49
M00730,57,不透露,台中市,白金會員,1
M00731,49,男,台北市,黃金會員,33
M00732,29,女,台南市,一般會員,40
M00733,25,女,高雄市,黃金會員,14
M00734,35,女,新北市,一般會員,26
M00735,38,女,新北市,鑽石VIP,38
M00736,29,女,台北市,一般會員,11
M00737,58,女,台北市,黃金會員,29
M00738,20,女,桃園市,黃金會員,46
M00739,42,女,高雄市,白金會員,5
M00740,22,女,台中市,一般會員,21
M00741,44,不透露,台南市,一般會員,9
M00742,44,女,台南市,黃金會員,37
M00743,54,女,台北市,一般會員,3
M00744,35,男,台北市,一般會員,16
M00745,31,女,台北市,一般會員,27
M00746,37,女,台北市,一般會員,2
M00747,32,女,高雄市,一般會員,34
M00748,44,女,新竹市,一般會員,44
M00749,21,女,台中市,黃金會員,12
M00750,34,女,台中市,一般會員,48
M00751,51,不透露,台北市,黃金會員,32
M00752,34,男,新北市,一般會員,23
M00753,24,女,台北市,黃金會員,30
M00754,43,女,台北市,黃金會員,20
M00755,29,不透露,台中市,白金會員,8
M00756,56,女,新竹市,一般會員,2
M00757,30,男,桃園市,黃金會員,14
M00758,34,女,台北市,一般會員,37
M00759,44,女,新竹市,一般會員,12
M00760,36,女,新北市,一般會員,11
M00761,28,女,台北市,黃金會員,11
M00762,32,女,新北市,白金會員,25
M00763,49,女,桃園市,一般會員,9
M00764,31,男,台北市,黃金會員,23
M00765,21,不透露,台中市,一般會員,12
M00766,30,男,桃園市,黃金會員,43
M00767,27,女,桃園市,一般會員,18
M00768,22,女,台北市,黃金會員,22
M00769,29,女,台中市,一般會員,40
M00770,29,女,台北市,一般會員,19
M00771,22,女,台北市,一般會員,35
M00772,21,男,新竹市,黃金會員,3
M00773,26,男,新北市,一般會員,10
M00774,40,女,台北市,一般會員,32
M00775,42,男,台北市,一般會員,47
M00776,28,女,新北市,黃金會員,13
M00777,54,男,台北市,白金會員,38
M00778,38,男,台南市,黃金會員,33
M00779,36,女,新北市,鑽石VIP,47
M00780,25,男,高雄市,一般會員,11
M00781,24,女,新竹市,黃金會員,4
M00782,25,女,新北市,黃金會員,27
M00783,26,男,新竹市,一般會員,17
M00784,36,女,新北市,一般會員,19
M00785,56,女,台北市,一般會員,17
M00786,36,女,新北市,一般會員,44
M00787,32,女,新北市,黃金會員,34
M00788,21,女,台中市,一般會員,16
M00789,29,女,台北市,一般會員,18
M00790,34,男,台南市,一般會員,10
M00791,26,男,台中市,一般會員,40
M00792,34,男,新北市,黃金會員,2
M00793,19,女,新北市,一般會員,6
M00794,28,男,新北市,一般會員,7
M00795,18,男,新竹市,黃金會員,24
M00796,42,女,新北市,一般會員,23
M00797,43,女,新北市,一般會員,32
M00798,22,女,桃園市,一般會員,4
M00799,37,女,台北市,一般會員,19
M00800,34,女,桃園市,一般會員,41
M00801,43,女,台北市,白金會員,6
M00802,26,女,高雄市,白金會員,31
M00803,44,女,新竹市,黃金會員,19
M00804,35,女,台中市,白金會員,49
M00805,43,女,台南市,白金會員,46
M00806,49,女,新北市,黃金會員,49
M00807,36,女,台北市,白金會員,45
M00808,32,女,新竹市,一般會員,48
M00809,25,女,台中市,一般會員,40
M00810,32,男,新北市,一般會員,39
M00811,46,男,高雄市,黃金會員,32
M00812,26,男,新北市,一般會員,27
M00813,43,女,新北市,黃金會員,27
M00814,33,女,台北市,一般會員,41
M00815,20,女,新北市,黃金會員,23
M00816,25,女,台中市,白金會員,16
M00817,41,女,新北市,黃金會員,42
M00818,57,女,新北市,一般會員,36
M00819,24,女,新北市,白金會員,26
M00820,25,女,台中市,黃金會員,33
M00821,33,女,桃園市,黃金會員,47
M00822,58,女,台北市,黃金會員,31
M00823,37,女,新北市,黃金會員,11
M00824,32,女,台北市,黃金會員,16
M00825,49,女,台北市,白金會員,1
M00826,48,女,台中市,黃金會員,37
M00827,40,男,台北市,一般會員,33
M00828,44,女,新北市,黃金會員,39
M00829,38,男,高雄市,鑽石VIP,48
M00830,42,男,台北市,白金會員,29
M00831,34,男,高雄市,黃金會員,4
M00832,33,女,台中市,黃金會員,11
M00833,47,女,新北市,一般會員,19
M00834,19,女,台北市,一般會員,33
M00835,37,男,台北市,白金會員,30
M00836,44,男,新北市,鑽石VIP,41
M00837,40,女,新北市,一般會員,10
M00838,34,女,台中市,白金會員,30
M00839,19,男,桃園市,黃金會員,1
M00840,44,女,台中市,白金會員,18
M00841,42,男,台中市,一般會員,10
M00842,40,女,桃園市,一般會員,22
M00843,41,女,新北市,鑽石VIP,50
M00844,34,男,新北市,一般會員,11
M00845,40,女,新北市,一般會員,11
M00846,26,女,台北市,黃金會員,21
M00847,25,男,台北市,一般會員,17
M00848,19,女,台北市,一般會員,44
M00849,30,女,台北市,一般會員,44
M00850,46,男,桃園市,一般會員,15
M00851,29,男,台北市,一般會員,11
M00852,31,不透露,台北市,一般會員,20
M00853,40,女,高雄市,一般會員,24
M00854,35,女,新竹市,一般會員,35
M00855,37,女,新北市,白金會員,18
M00856,21,女,台北市,黃金會員,33
M00857,52,男,新竹市,一般會員,35
M00858,33,不透露,台南市,一般會員,34
M00859,27,女,台中市,白金會員,39
M00860,56,女,新竹市,一般會員,7
M00861,18,女,台北市,黃金會員,41
M00862,59,男,台南市,黃金會員,35
M00863,52,女,高雄市,黃金會員,3
M00864,22,女,新北市,黃金會員,36
M00865,39,女,台北市,一般會員,16
M00866,45,女,台北市,一般會員,35
M00867,33,男,新北市,黃金會員,8
M00868,23,女,新北市,一般會員,50
M00869,37,不透露,台北市,黃金會員,49
M00870,42,男,台中市,一般會員,18
M00871,29,女,台中市,一般會員,29
M00872,30,女,台北市,黃金會員,40
M00873,45,女,台北市,一般會員,35
M00874,35,男,新北市,白金會員,23
M00875,28,男,新北市,一般會員,35
M00876,53,女,台中市,一般會員,21
M00877,18,女,新北市,黃金會員,29
M00878,42,女,台北市,一般會員,24
M00879,33,男,台南市,一般會員,20
M00880,50,女,新北市,鑽石VIP,29
M00881,29,男,台北市,一般會員,10
M00882,25,女,新北市,一般會員,31
M00883,50,男,台中市,一般會員,1
M00884,26,不透露,新北市,黃金會員,35
M00885,52,男,台南市,白金會員,26
M00886,34,男,台南市,黃金會員,26
M00887,34,女,台南市,一般會員,6
M00888,33,女,台北市,黃金會員,47
M00889,52,男,新北市,白金會員,11
M00890,28,不透露,台北市,黃金會員,18
M00891,31,女,台南市,黃金會員,11
M00892,28,男,高雄市,黃金會員,1
M00893,34,男,高雄市,一般會員,32
M00894,43,女,台北市,一般會員,27
M00895,28,女,台北市,白金會員,27
M00896,34,不透露,桃園市,黃金會員,35
M00897,24,男,台北市,一般會員,14
M00898,42,女,新北市,白金會員,34
M00899,41,不透露,新北市,鑽石VIP,17
M00900,31,女,台南市,白金會員,38
M00901,44,不透露,高雄市,一般會員,18
M00902,48,女,新北市,一般會員,11
M00903,30,男,新竹市,一般會員,32
M00904,19,女,新北市,一般會員,18
M00905,29,女,新北市,一般會員,18
M00906,52,男,新竹市,一般會員,43
M00907,19,女,新北市,一般會員,29
M00908,30,女,台北市,白金會員,27
M00909,42,女,台北市,白金會員,2
M00910,36,男,新北市,白金會員,13
M00911,50,男,台北市,一般會員,14
M00912,24,女,新北市,黃金會員,39
M00913,60,不透露,新北市,一般會員,41
M00914,55,女,台北市,一般會員,39
M00915,23,女,新北市,一般會員,36
M00916,53,女,高雄市,一般會員,16
M00917,42,男,新北市,一般會員,9
M00918,33,不透露,台北市,鑽石VIP,5
M00919,38,女,新北市,一般會員,31
M00920,33,男,新北市,一般會員,8
M00921,35,女,新竹市,白金會員,17
M00922,34,男,台北市,白金會員,49
M00923,32,男,台北市,一般會員,11
M00924,26,女,台中市,一般會員,20
M00925,43,男,新竹市,一般會員,16
M00926,42,女,台南市,一般會員,39
M00927,41,女,新北市,一般會員,19
M00928,47,女,台北市,一般會員,13
M00929,19,女,台中市,白金會員,41
M00930,37,不透露,新北市,白金會員,44
M00931,39,女,台北市,一般會員,40
M00932,33,男,台南市,黃金會員,12
M00933,40,女,台中市,白金會員,10
M00934,28,女,新竹市,一般會員,38
M00935,44,女,高雄市,白金會員,36
M00936,28,女,新北市,白金會員,5
M00937,27,女,台中市,一般會員,20
M00938,34,女,台中市,一般會員,18
M00939,36,不透露,台北市,黃金會員,21
M00940,18,男,高雄市,黃金會員,46
M00941,20,不透露,台北市,黃金會員,3
M00942,44,不透露,新北市,黃金會員,8
M00943,42,女,台中市,黃金會員,22
M00944,32,女,台北市,鑽石VIP,49
M00945,30,女,台南市,一般會員,50
M00946,44,女,新北市,一般會員,49
M00947,25,女,台北市,一般會員,47
M00948,33,女,台北市,黃金會員,25
M00949,40,女,新北市,黃金會員,30
M00950,26,男,台南市,黃金會員,29
M00951,18,女,新北市,一般會員,47
M00952,19,男,台南市,鑽石VIP,9
M00953,27,女,台北市,白金會員,21
M00954,60,男,桃園市,一般會員,32
M00955,30,男,新北市,一般會員,18
M00956,40,男,桃園市,黃金會員,15
M00957,34,不透露,桃園市,一般會員,33
M00958,37,女,台北市,黃金會員,29
M00959,22,女,台南市,一般會員,8
M00960,26,女,新北市,一般會員,33
M00961,27,女,台中市,黃金會員,15
M00962,29,女,新北市,黃金會員,1
M00963,19,女,台北市,一般會員,19
M00964,37,不透露,桃園市,鑽石VIP,18
M00965,50,女,台北市,一般會員,41
M00966,26,女,台南市,一般會員,40
M00967,30,男,新北市,黃金會員,35
M00968,27,女,台北市,一般會員,11
M00969,33,不透露,台南市,一般會員,18
M00970,51,女,台中市,一般會員,26
M00971,26,男,台中市,鑽石VIP,49
M00972,21,男,桃園市,黃金會員,42
M00973,26,不透露,新北市,黃金會員,26
M00974,34,女,新北市,一般會員,49
M00975,18,女,高雄市,一般會員,26
M00976,18,女,新北市,一般會員,20
M00977,30,女,台北市,一般會員,12
M00978,40,女,台中市,一般會員,14
M00979,29,女,台南市,鑽石VIP,31
M00980,42,不透露,台北市,白金會員,28
M00981,53,男,台中市,黃金會員,11
M00982,22,女,高雄市,一般會員,22
M00983,21,女,台北市,一般會員,15
M00984,25,女,台北市,黃金會員,25
M00985,40,男,桃園市,一般會員,39
M00986,20,女,台南市,一般會員,42
M00987,40,男,新北市,白金會員,21
M00988,47,女,桃園市,一般會員,32
M00989,27,女,台南市,一般會員,47
M00990,55,女,新北市,鑽石VIP,7
M00991,43,女,新竹市,一般會員,2
M00992,40,男,新北市,一般會員,27
M00993,33,女,高雄市,一般會員,12
M00994,37,女,台中市,白金會員,23
M00995,41,女,新北市,一般會員,15
M00996,32,女,台中市,一般會員,36
M00997,27,男,台北市,一般會員,37
M00998,36,女,高雄市,鑽石VIP,15
M00999,21,不透露,台中市,一般會員,1
M01000,24,女,桃園市,一般會員,9
M01001,27,男,新北市,黃金會員,39
M01002,21,不透露,台北市,白金會員,15
M01003,50,女,台中市,一般會員,22
M01004,39,女,新北市,黃金會員,32
M01005,30,不透露,台北市,一般會員,8
M01006,41,女,新北市,一般會員,18
M01007,32,女,新北市,黃金會員,6
M01008,30,女,台中市,一般會員,3
M01009,25,男,台北市,一般會員,35
M01010,29,女,台北市,黃金會員,47
M01011,34,男,台北市,一般會員,15
M01012,31,女,新北市,白金會員,28
M01013,28,男,高雄市,一般會員,39
M01014,34,女,新北市,一般會員,28
M01015,34,女,新北市,一般會員,6
M01016,44,女,台北市,黃金會員,34
M01017,42,男,桃園市,白金會員,32
M01018,27,女,台北市,黃金會員,11
M01019,29,女,新北市,黃金會員,9
M01020,43,女,新竹市,一般會員,4
M01021,19,女,台北市,白金會員,29
M01022,29,女,台北市,一般會員,5
M01023,28,女,新北市,鑽石VIP,12
M01024,33,女,台南市,黃金會員,19
M01025,39,男,台北市,鑽石VIP,48
M01026,59,女,新北市,黃金會員,46
M01027,38,男,台北市,黃金會員,36
M01028,35,男,新北市,一般會員,33
M01029,29,女,高雄市,白金會員,10
M01030,43,女,高雄市,一般會員,30
M01031,38,女,台中市,黃金會員,41
M01032,43,女,台南市,一般會員,7
M01033,27,男,新北市,白金會員,1
M01034,26,男,新北市,一般會員,41
M01035,28,男,桃園市,一般會員,14
M01036,24,女,台中市,白金會員,20
M01037,43,男,台北市,一般會員,27
M01038,25,女,台北市,一般會員,28
M01039,28,女,高雄市,黃金會員,29
M01040,41,女,高雄市,黃金會員,27
M01041,32,女,新北市,黃金會員,25
M01042,43,男,台中市,黃金會員,7
M01043,27,女,新北市,一般會員,15
M01044,27,女,台北市,一般會員,18
M01045,33,男,新竹市,一般會員,37
M01046,38,女,高雄市,一般會員,14
M01047,42,女,台北市,一般會員,2
M01048,18,女,台北市,黃金會員,21
M01049,38,女,台南市,鑽石VIP,10
M01050,21,女,台北市,一般會員,27
M01051,26,男,桃園市,一般會員,8
M01052,26,男,新北市,黃金會員,45
M01053,43,女,新北市,一般會員,12
M01054,57,女,新北市,黃金會員,19
M01055,32,男,新北市,白金會員,23
M01056,29,女,新竹市,黃金會員,21
M01057,28,男,桃園市,白金會員,42
M01058,34,女,台南市,鑽石VIP,36
M01059,19,女,台北市,鑽石VIP,48
M01060,33,女,高雄市,一般會員,38
M01061,42,男,新竹市,一般會員,19
M01062,43,女,台中市,一般會員,3
M01063,34,女,台北市,一般會員,21
M01064,33,男,桃園市,一般會員,26
M01065,44,男,新竹市,鑽石VIP,26
M01066,51,女,台南市,一般會員,43
M01067,22,男,台北市,白金會員,23
M01068,27,男,新北市,一般會員,14
M01069,34,女,新北市,一般會員,15
M01070,25,男,台中市,一般會員,37
M01071,35,不透露,新竹市,一般會員,19
M01072,18,女,台南市,白金會員,44
M01073,19,女,高雄市,一般會員,41
M01074,34,女,台北市,一般會員,8
M01075,31,男,台北市,白金會員,12
M01076,19,男,新北市,黃金會員,17
M01077,54,男,台南市,黃金會員,20
M01078,60,女,台北市,一般會員,29
M01079,59,男,台北市,一般會員,17
M01080,39,男,台北市,一般會員,15
M01081,38,女,台北市,黃金會員,17
M01082,31,女,台中市,白金會員,14
M01083,18,女,桃園市,一般會員,25
M01084,46,男,台北市,黃金會員,47
M01085,29,女,台北市,一般會員,20
M01086,21,女,台南市,黃金會員,36
M01087,38,男,新竹市,一般會員,41
M01088,57,女,台南市,黃金會員,17
M01089,29,男,台北市,一般會員,17
M01090,25,女,高雄市,黃金會員,8
M01091,40,男,台中市,白金會員,50
M01092,33,女,台南市,白金會員,36
M01093,18,女,台北市,白金會員,26
M01094,18,女,台北市,一般會員,21
M01095,33,男,高雄市,一般會員,32
M01096,41,男,新北市,鑽石VIP,29
M01097,34,女,新北市,黃金會員,26
M01098,33,女,新北市,黃金會員,23
M01099,37,男,台中市,白金會員,25
M01100,29,女,台北市,黃金會員,38
M01101,25,男,新北市,一般會員,14
M01102,36,女,台北市,一般會員,25
M01103,31,女,台中市,黃金會員,39
M01104,36,女,高雄市,一般會員,15
M01105,41,男,高雄市,一般會員,44
M01106,30,女,台北市,黃金會員,20
M01107,26,女,台北市,一般會員,20
M01108,32,男,台北市,一般會員,31
M01109,21,女,桃園市,鑽石VIP,45
M01110,26,女,台中市,黃金會員,32
M01111,37,女,新北市,一般會員,40
M01112,30,女,高雄市,一般會員,12
M01113,37,女,台中市,白金會員,20
M01114,28,男,台北市,黃金會員,7
M01115,29,男,台南市,黃金會員,20
M01116,18,女,台南市,黃金會員,19
M01117,27,男,台北市,一般會員,18
M01118,37,女,台南市,黃金會員,5
M01119,43,女,台北市,鑽石VIP,28
M01120,40,男,新竹市,白金會員,11
M01121,29,男,新北市,黃金會員,50
M01122,20,女,新北市,黃金會員,5
M01123,33,女,高雄市,黃金會員,15
M01124,32,男,台北市,一般會員,43
M01125,40,女,台北市,鑽石VIP,22
M01126,35,女,新北市,一般會員,9
M01127,33,男,台南市,黃金會員,42
M01128,42,男,新北市,一般會員,50
M01129,21,男,台南市,白金會員,33
M01130,33,男,台中市,黃金會員,18
M01131,22,女,台中市,一般會員,35
M01132,26,男,台中市,黃金會員,31
M01133,26,女,高雄市,黃金會員,22
M01134,26,男,桃園市,黃金會員,2
M01135,21,女,台南市,黃金會員,10
M01136,40,女,台北市,一般會員,34
M01137,43,女,新竹市,一般會員,10
M01138,29,女,新北市,一般會員,16
M01139,22,男,桃園市,一般會員,24
M01140,25,女,台中市,一般會員,19
M01141,24,男,新北市,一般會員,21
M01142,20,男,台中市,一般會員,49
M01143,42,男,台北市,一般會員,13
M01144,31,女,台南市,黃金會員,40
M01145,28,男,台中市,白金會員,44
M01146,20,女,桃園市,白金會員,8
M01147,59,女,新北市,一般會員,10
M01148,28,女,台北市,黃金會員,42
M01149,26,女,台北市,黃金會員,18
M01150,32,女,台中市,一般會員,12
M01151,38,男,台中市,黃金會員,49
M01152,50,女,台南市,一般會員,1
M01153,29,男,台北市,一般會員,15
M01154,52,女,台北市,黃金會員,38
M01155,40,男,新北市,白金會員,39
M01156,40,男,台北市,白金會員,6
M01157,27,女,高雄市,白金會員,48
M01158,33,女,台南市,一般會員,45
M01159,22,女,台中市,一般會員,42
M01160,30,女,台北市,黃金會員,5
M01161,32,女,台中市,一般會員,12
M01162,49,男,新北市,白金會員,38
M01163,32,男,台南市,黃金會員,25
M01164,58,女,台北市,一般會員,48
M01165,29,女,新北市,白金會員,1
M01166,58,男,台中市,一般會員,2
M01167,26,女,台北市,黃金會員,49
M01168,25,男,台北市,黃金會員,40
M01169,32,男,新北市,一般會員,5
M01170,23,女,台北市,黃金會員,32
M01171,58,女,新北市,一般會員,11
M01172,23,女,新北市,白金會員,23
M01173,28,女,台南市,白金會員,33
M01174,40,女,台南市,一般會員,19
M01175,38,女,台北市,黃金會員,3
M01176,33,女,台中市,鑽石VIP,43
M01177,42,女,台北市,一般會員,10
M01178,39,女,新北市,一般會員,4
M01179,32,女,台北市,黃金會員,3
M01180,20,女,新北市,白金會員,2
M01181,59,男,台北市,一般會員,32
M01182,44,男,台南市,一般會員,28
M01183,30,男,台北市,黃金會員,25
M01184,48,女,台北市,白金會員,12
M01185,27,男,新北市,黃金會員,42
M01186,40,女,台中市,一般會員,5
M01187,38,男,台中市,一般會員,7
M01188,26,男,高雄市,一般會員,20
M01189,36,女,高雄市,白金會員,1
M01190,33,不透露,台北市,黃金會員,45
M01191,44,男,桃園市,一般會員,31
M01192,36,女,台北市,一般會員,33
M01193,31,女,台中市,黃金會員,11
M01194,56,男,台北市,一般會員,47
M01195,32,女,台中市,一般會員,27
M01196,45,不透露,台北市,黃金會員,48
M01197,27,男,台南市,一般會員,3
M01198,43,女,新北市,黃金會員,40
M01199,24,女,新北市,一般會員,10
M01200,32,女,高雄市,黃金會員,33
M01201,54,女,新北市,一般會員,30
M01202,26,男,新北市,黃金會員,21
M01203,35,女,新北市,一般會員,38
M01204,24,女,新竹市,白金會員,32
M01205,30,女,台北市,一般會員,25
M01206,23,女,台北市,黃金會員,13
M01207,41,女,台北市,白金會員,18
M01208,18,女,高雄市,黃金會員,23
M01209,55,男,新竹市,黃金會員,31
M01210,30,男,台北市,一般會員,43
M01211,25,女,台北市,黃金會員,44
M01212,48,女,台中市,白金會員,23
M01213,52,女,台中市,白金會員,49
M01214,28,男,台北市,黃金會員,35
M01215,29,女,台北市,一般會員,44
M01216,37,女,台中市,黃金會員,12
M01217,29,不透露,桃園市,一般會員,32
M01218,31,女,高雄市,黃金會員,50
M01219,38,男,台南市,白金會員,5
M01220,41,女,台北市,一般會員,40
M01221,33,男,台北市,黃金會員,50
M01222,42,女,高雄市,黃金會員,35
M01223,19,男,台北市,一般會員,49
M01224,25,女,台中市,一般會員,23
M01225,30,男,台北市,一般會員,31
M01226,44,女,台北市,黃金會員,1
M01227,58,男,新北市,黃金會員,50
M01228,54,男,台南市,黃金會員,18
M01229,47,女,台北市,一般會員,27
M01230,34,女,台北市,黃金會員,3
M01231,23,男,台南市,黃金會員,16
M01232,35,女,台中市,白金會員,2
M01233,33,男,台中市,一般會員,4
M01234,18,女,桃園市,鑽石VIP,27
M01235,24,男,台中市,一般會員,26
M01236,41,男,新北市,黃金會員,42
M01237,27,女,高雄市,白金會員,12
M01238,18,女,台中市,白金會員,1
M01239,21,男,台中市,一般會員,50
M01240,40,女,新竹市,黃金會員,38
M01241,52,女,台南市,一般會員,44
M01242,35,男,台中市,白金會員,27
M01243,37,女,新北市,一般會員,12
M01244,25,女,台中市,一般會員,22
M01245,28,女,台北市,黃金會員,49
M01246,40,女,台北市,一般會員,15
M01247,33,女,台北市,一般會員,27
M01248,44,女,台北市,一般會員,35
M01249,33,男,新北市,一般會員,12
M01250,18,女,台北市,一般會員,37
M01251,37,女,新北市,鑽石VIP,7
M01252,48,男,台北市,黃金會員,12
M01253,41,男,台北市,一般會員,46
M01254,36,女,新北市,白金會員,28
M01255,35,女,桃園市,一般會員,23
M01256,26,女,新北市,一般會員,26
M01257,27,男,台中市,一般會員,1
M01258,34,女,台中市,一般會員,39
M01259,31,女,台南市,白金會員,23
M01260,46,女,台南市,一般會員,42
M01261,24,女,台北市,一般會員,28
M01262,26,女,台南市,一般會員,19
M01263,19,女,台北市,黃金會員,20
M01264,20,男,台南市,一般會員,17
M01265,26,女,新北市,一般會員,2
M01266,31,女,台北市,一般會員,43
M01267,39,女,台南市,一般會員,40
M01268,36,女,台北市,一般會員,49
M01269,33,女,台中市,一般會員,21
M01270,45,女,高雄市,黃金會員,50
M01271,46,女,高雄市,一般會員,14
M01272,30,男,台北市,黃金會員,36
M01273,33,男,台中市,一般會員,35
M01274,22,男,台北市,一般會員,49
M01275,34,男,台北市,白金會員,41
M01276,44,不透露,新竹市,一般會員,28
M01277,18,男,台中市,一般會員,15
M01278,36,女,台北市,一般會員,11
M01279,43,男,台北市,一般會員,12
M01280,30,女,新北市,一般會員,3
M01281,32,女,新北市,黃金會員,50
M01282,32,女,台北市,黃金會員,4
M01283,27,女,新北市,白金會員,42
M01284,25,女,台南市,一般會員,9
M01285,30,女,高雄市,一般會員,35
M01286,18,男,台南市,黃金會員,18
M01287,43,女,新北市,一般會員,45
M01288,39,不透露,台北市,一般會員,17
M01289,24,男,台南市,一般會員,40
M01290,20,女,台南市,白金會員,42
M01291,31,女,高雄市,一般會員,17
M01292,30,女,新北市,一般會員,49
M01293,43,女,台南市,白金會員,10
M01294,40,女,台北市,白金會員,24
M01295,38,女,台中市,一般會員,3
M01296,32,女,台中市,一般會員,34
M01297,35,女,桃園市,一般會員,12
M01298,31,男,新北市,白金會員,7
M01299,30,不透露,台南市,鑽石VIP,30
M01300,43,女,台中市,一般會員,43
M01301,29,女,台中市,鑽石VIP,11
M01302,41,男,高雄市,一般會員,19
M01303,36,不透露,新北市,白金會員,32
M01304,21,男,台中市,黃金會員,27
M01305,22,女,桃園市,一般會員,47
M01306,27,女,新北市,黃金會員,29
M01307,33,女,新北市,黃金會員,6
M01308,44,女,高雄市,一般會員,3
M01309,30,男,台南市,一般會員,30
M01310,44,女,高雄市,黃金會員,11
M01311,27,男,台北市,黃金會員,22
M01312,33,女,桃園市,一般會員,46
M01313,43,女,台北市,黃金會員,1
M01314,38,女,台中市,白金會員,32
M01315,31,不透露,台南市,一般會員,48
M01316,26,女,台北市,一般會員,20
M01317,38,女,台南市,一般會員,11
M01318,28,女,新北市,一般會員,14
M01319,49,女,新北市,黃金會員,45
M01320,40,不透露,新北市,一般會員,12
M01321,33,女,新北市,一般會員,39
M01322,27,女,台北市,一般會員,35
M01323,24,女,高雄市,一般會員,41
M01324,26,女,台南市,黃金會員,33
M01325,39,女,桃園市,黃金會員,35
M01326,28,女,台中市,黃金會員,18
M01327,43,男,桃園市,白金會員,32
M01328,38,女,台北市,一般會員,9
M01329,22,女,台北市,一般會員,28
M01330,34,女,高雄市,黃金會員,33
M01331,44,男,台中市,黃金會員,35
M01332,25,女,新竹市,黃金會員,22
M01333,32,男,台北市,黃金會員,24
M01334,34,男,新北市,一般會員,33
M01335,28,男,台中市,一般會員,21
M01336,27,女,新北市,一般會員,8
M01337,51,女,台中市,一般會員,34
M01338,38,女,新北市,一般會員,1
M01339,31,女,台中市,一般會員,39
M01340,20,女,高雄市,黃金會員,32
M01341,38,女,台北市,黃金會員,18
M01342,55,女,台北市,一般會員,5
M01343,20,男,桃園市,一般會員,42
M01344,27,女,新竹市,黃金會員,47
M01345,30,女,台北市,白金會員,21
M01346,56,男,桃園市,黃金會員,22
M01347,44,女,台北市,鑽石VIP,22
M01348,28,女,新北市,鑽石VIP,32
M01349,26,男,台北市,一般會員,6
M01350,35,男,台南市,一般會員,36
M01351,40,女,台北市,一般會員,23
M01352,44,女,台北市,鑽石VIP,30
M01353,34,男,台北市,黃金會員,30
M01354,34,男,桃園市,一般會員,18
M01355,20,男,台北市,一般會員,20
M01356,48,女,台中市,黃金會員,43
M01357,37,男,台北市,鑽石VIP,11
M01358,27,女,台中市,一般會員,33
M01359,26,女,台中市,黃金會員,12
M01360,31,不透露,台北市,一般會員,36
M01361,33,男,台南市,一般會員,21
M01362,22,女,新竹市,黃金會員,25
M01363,27,女,台北市,一般會員,25
M01364,25,女,台中市,黃金會員,34
M01365,60,男,新北市,黃金會員,41
M01366,51,男,台北市,一般會員,39
M01367,29,男,新北市,一般會員,40
M01368,28,男,台北市,一般會員,25
M01369,26,女,台南市,一般會員,4
M01370,22,女,新北市,黃金會員,8
M01371,54,女,台北市,一般會員,38
M01372,48,女,新北市,白金會員,9
M01373,37,不透露,新竹市,黃金會員,43
M01374,30,女,新竹市,黃金會員,1
M01375,34,女,台北市,黃金會員,37
M01376,20,女,高雄市,鑽石VIP,4
M01377,44,女,台中市,黃金會員,18
M01378,34,男,台中市,一般會員,22
M01379,29,女,台中市,一般會員,27
M01380,40,男,高雄市,一般會員,19
M01381,19,女,台北市,鑽石VIP,10
M01382,30,男,新北市,一般會員,16
M01383,46,不透露,新北市,黃金會員,15
M01384,35,男,台中市,黃金會員,28
M01385,30,女,新北市,一般會員,15
M01386,51,女,台中市,黃金會員,20
M01387,36,男,新竹市,一般會員,21
M01388,28,女,台北市,一般會員,35
M01389,20,男,台中市,鑽石VIP,41
M01390,27,男,新北市,黃金會員,19
M01391,49,女,台南市,黃金會員,4
M01392,40,女,新竹市,一般會員,36
M01393,28,女,桃園市,一般會員,25
M01394,35,男,新北市,黃金會員,22
M01395,29,女,台中市,一般會員,13
M01396,27,女,台北市,一般會員,25
M01397,43,男,新北市,白金會員,27
M01398,30,男,桃園市,一般會員,14
M01399,42,女,台北市,黃金會員,42
M01400,27,女,高雄市,黃金會員,39
M01401,43,男,台北市,一般會員,42
M01402,31,男,台北市,一般會員,20
M01403,32,男,台北市,一般會員,37
M01404,25,女,台中市,一般會員,8
M01405,44,男,高雄市,一般會員,5
M01406,19,男,新北市,一般會員,10
M01407,36,女,新北市,黃金會員,26
M01408,30,女,台北市,黃金會員,16
M01409,30,女,新竹市,白金會員,38
M01410,30,男,高雄市,一般會員,34
M01411,41,男,台北市,黃金會員,25
M01412,29,男,台南市,一般會員,23
M01413,26,女,新竹市,黃金會員,40
M01414,36,女,台北市,一般會員,48
M01415,18,男,桃園市,黃金會員,43
M01416,37,女,台南市,白金會員,46
M01417,28,女,台北市,一般會員,23
M01418,32,男,台北市,黃金會員,19
M01419,38,男,台中市,一般會員,22
M01420,29,女,台北市,一般會員,38
M01421,18,男,台南市,白金會員,5
M01422,33,不透露,高雄市,鑽石VIP,28
M01423,38,女,新北市,黃金會員,17
M01424,39,女,台北市,白金會員,42
M01425,55,男,高雄市,一般會員,24
M01426,31,女,台北市,一般會員,5
M01427,52,男,新北市,一般會員,44
M01428,32,女,台北市,黃金會員,39
M01429,31,女,台南市,白金會員,44
M01430,38,男,新北市,一般會員,20
M01431,26,男,台北市,一般會員,1
M01432,28,女,桃園市,白金會員,48
M01433,41,男,新北市,一般會員,30
M01434,51,女,高雄市,一般會員,34
M01435,31,不透露,新北市,白金會員,33
M01436,40,男,台中市,黃金會員,26
M01437,31,女,高雄市,一般會員,33
M01438,33,男,高雄市,白金會員,37
M01439,32,男,新北市,鑽石VIP,45
M01440,53,女,台北市,白金會員,27
M01441,20,女,台北市,一般會員,13
M01442,28,男,台北市,黃金會員,26
M01443,32,女,高雄市,黃金會員,23
M01444,25,男,新北市,黃金會員,12
M01445,22,女,台南市,黃金會員,22
M01446,26,男,新竹市,黃金會員,5
M01447,24,女,台北市,鑽石VIP,45
M01448,27,女,台北市,白金會員,34
M01449,20,女,台中市,白金會員,31
M01450,23,男,台中市,黃金會員,12
M01451,32,女,台中市,黃金會員,14
M01452,36,男,台南市,一般會員,43
M01453,38,男,新北市,黃金會員,42
M01454,35,男,新北市,黃金會員,32
M01455,60,女,台北市,白金會員,39
M01456,33,男,台南市,一般會員,16
M01457,25,女,台中市,黃金會員,36
M01458,24,男,台南市,黃金會員,1
M01459,24,女,高雄市,白金會員,32
M01460,44,女,台北市,黃金會員,42
M01461,31,女,高雄市,黃金會員,43
M01462,25,女,新北市,一般會員,17
M01463,26,女,高雄市,一般會員,10
M01464,24,女,台北市,一般會員,31
M01465,19,女,新北市,黃金會員,4
M01466,36,不透露,新北市,黃金會員,19
M01467,31,女,新竹市,一般會員,31
M01468,23,男,台北市,黃金會員,28
M01469,43,女,台中市,黃金會員,19
M01470,26,男,台中市,一般會員,21
M01471,30,男,台北市,一般會員,35
M01472,31,女,新北市,一般會員,13
M01473,39,男,新北市,一般會員,45
M01474,43,女,台北市,一般會員,11
M01475,42,女,台北市,黃金會員,47
M01476,39,女,桃園市,一般會員,18
M01477,43,男,台中市,一般會員,50
M01478,37,男,台中市,黃金會員,22
M01479,21,女,台南市,黃金會員,1
M01480,25,女,台中市,一般會員,49
M01481,44,女,台北市,一般會員,49
M01482,26,女,台中市,黃金會員,23
M01483,42,男,新北市,鑽石VIP,35
M01484,44,女,台中市,黃金會員,27
M01485,33,女,新北市,黃金會員,28
M01486,27,不透露,台北市,一般會員,14
M01487,26,女,台北市,一般會員,25
M01488,20,女,高雄市,一般會員,46
M01489,57,女,台北市,一般會員,50
M01490,38,男,台北市,一般會員,42
M01491,34,女,新北市,黃金會員,46
M01492,39,女,新竹市,黃金會員,50
M01493,18,女,台北市,一般會員,34
M01494,41,女,台中市,白金會員,17
M01495,26,女,台北市,黃金會員,34
M01496,38,男,新北市,一般會員,33
M01497,37,女,台北市,黃金會員,46
M01498,28,男,新北市,一般會員,18
M01499,43,女,台北市,一般會員,41
M01500,30,男,台北市,一般會員,4
