訂單編號,城市,優惠碼,訂單金額,網紅來源,訂單狀態
ORD-95864,台北,網紅專屬九折,4060,無,已完成
ORD-20020,高雄,滿千折兩百,2574,無,已完成
ORD-13239,桃園,網紅專屬九折,3049,網紅A,已退款
ORD-28985,桃園,免運優惠,532,無,已完成
ORD-33782,台北,網紅專屬九折,1597,無,已完成
ORD-79073,台北,無,1317,無,已完成
ORD-15334,台北,無,3038,網紅B,已完成
ORD-59490,高雄,無,2669,無,已完成
ORD-15866,台中,免運優惠,4272,網紅B,已完成
ORD-45257,桃園,免運優惠,1458,網紅A,已完成
ORD-30874,台南,無,1734,無,已完成
ORD-72450,高雄,網紅專屬九折,3867,無,已完成
ORD-89865,台北,無,1892,網紅B,已完成
ORD-88588,台北,網紅專屬九折,751,網紅B,已退款
ORD-54311,台北,免運優惠,4111,無,已完成
ORD-18433,台北,無,615,網紅A,已完成
ORD-94576,台北,網紅專屬九折,4363,網紅C,已完成
ORD-71121,桃園,免運優惠,3069,網紅B,已完成
ORD-95886,台北,網紅專屬九折,1877,網紅A,已完成
ORD-19227,台南,滿千折兩百,2492,網紅B,已完成
ORD-59949,高雄,網紅專屬九折,3331,網紅A,已完成
ORD-74913,台中,網紅專屬九折,4184,網紅C,已完成
ORD-71711,桃園,滿千折兩百,1805,網紅B,已完成
ORD-27754,台北,網紅專屬九折,3349,網紅B,已完成
ORD-20027,台中,網紅專屬九折,2557,網紅B,已完成
ORD-10355,台北,無,4332,網紅A,已完成
ORD-70842,台北,無,1632,網紅A,已完成
ORD-36796,台北,免運優惠,3946,網紅B,已完成
ORD-46992,台南,網紅專屬九折,3984,網紅A,已完成
ORD-50204,台北,網紅專屬九折,511,網紅B,已完成
ORD-53297,台中,滿千折兩百,715,網紅B,已完成
ORD-26110,台中,無,3875,網紅A,已完成
ORD-54950,台北,免運優惠,1756,無,已完成
ORD-13673,台北,免運優惠,3600,網紅A,已完成
ORD-68269,高雄,免運優惠,2383,無,已完成
ORD-14999,台中,網紅專屬九折,4719,無,已完成
ORD-30265,台南,網紅專屬九折,3708,無,已完成
ORD-47886,桃園,無,4154,網紅B,已完成
ORD-58071,台北,滿千折兩百,2965,網紅C,已完成
ORD-82261,台中,無,1876,無,已完成
ORD-39714,台北,無,4224,網紅B,已完成
ORD-18973,高雄,網紅專屬九折,4257,網紅B,已完成
ORD-64537,高雄,無,3809,網紅A,已完成
ORD-45873,高雄,無,3015,無,已完成
ORD-80989,台中,免運優惠,3047,網紅A,已完成
ORD-79529,高雄,免運優惠,3548,無,已完成
ORD-56796,台中,滿千折兩百,1666,網紅A,已退款
ORD-29840,台南,無,1289,無,已完成
ORD-28853,高雄,無,1650,網紅B,已完成
ORD-52727,台南,免運優惠,2463,網紅B,已完成
ORD-50320,台北,免運優惠,4598,網紅C,已完成
ORD-75607,台北,無,2336,網紅B,已完成
ORD-38082,台北,網紅專屬九折,3062,無,已完成
ORD-24817,桃園,無,4535,網紅B,已完成
ORD-58749,台北,無,3704,無,已完成
ORD-49087,台北,滿千折兩百,4157,網紅B,已完成
ORD-99051,台南,無,3248,網紅B,已完成
ORD-73487,台中,滿千折兩百,3869,網紅B,已完成
ORD-83692,台中,無,4548,無,已完成
ORD-63716,台北,網紅專屬九折,1864,網紅B,已完成
ORD-33493,高雄,無,4758,無,已完成
ORD-66439,台北,滿千折兩百,4840,無,已完成
ORD-40411,台北,網紅專屬九折,2801,網紅A,已完成
ORD-79969,台北,網紅專屬九折,4186,無,已完成
ORD-78203,高雄,無,3031,網紅A,已完成
ORD-84872,台北,免運優惠,4119,無,已完成
ORD-64964,桃園,無,3615,無,已完成
ORD-20205,台北,無,2218,網紅B,已完成
ORD-40062,台中,滿千折兩百,2250,網紅A,已完成
ORD-48058,高雄,無,604,網紅B,已完成
ORD-28721,台北,滿千折兩百,3981,網紅B,已完成
ORD-80136,台北,免運優惠,633,網紅A,已完成
ORD-51197,台北,滿千折兩百,3737,網紅C,已完成
ORD-35004,台中,免運優惠,2160,網紅C,已完成
ORD-23225,台北,滿千折兩百,1195,網紅B,已退款
ORD-64858,高雄,免運優惠,957,網紅C,已完成
ORD-17369,台北,滿千折兩百,621,無,已完成
ORD-77826,台北,滿千折兩百,2068,網紅B,已退款
ORD-55196,桃園,滿千折兩百,616,網紅A,已完成
ORD-52199,台中,網紅專屬九折,4329,無,已完成
ORD-56540,高雄,免運優惠,4098,網紅B,已完成
ORD-27734,台中,無,4348,無,已完成
ORD-42064,高雄,無,2807,無,已完成
ORD-67841,台中,網紅專屬九折,1980,網紅A,已完成
ORD-26332,台北,網紅專屬九折,4924,網紅B,已完成
ORD-69387,台北,免運優惠,2829,無,已完成
ORD-94521,台北,無,1765,無,已完成
ORD-14223,台北,滿千折兩百,3227,無,已完成
ORD-25935,台中,無,4172,網紅B,已完成
ORD-11736,桃園,滿千折兩百,4915,無,已完成
ORD-51594,台中,無,4609,無,已完成
ORD-56664,台南,滿千折兩百,1112,網紅A,已完成
ORD-26913,高雄,免運優惠,2660,網紅B,已完成
ORD-37432,台北,滿千折兩百,4899,網紅B,已完成
ORD-31027,台北,網紅專屬九折,4627,網紅A,已完成
ORD-81304,台北,滿千折兩百,4728,網紅A,已完成
ORD-64015,高雄,滿千折兩百,4815,網紅C,已完成
ORD-10772,台北,無,4370,網紅B,已完成
ORD-49544,高雄,免運優惠,3715,無,已完成
ORD-10219,桃園,網紅專屬九折,3356,網紅A,已完成
ORD-89409,台北,免運優惠,2749,網紅B,已完成
ORD-11464,台中,免運優惠,696,無,已完成
ORD-54885,台中,免運優惠,1642,網紅B,已完成
ORD-31079,桃園,滿千折兩百,1042,無,已完成
ORD-12111,台北,網紅專屬九折,2839,無,已完成
ORD-28308,台北,網紅專屬九折,1617,網紅B,已完成
ORD-55128,台北,免運優惠,1852,無,已完成
ORD-61444,高雄,滿千折兩百,4587,無,已完成
ORD-84123,高雄,滿千折兩百,4905,網紅A,已完成
ORD-83910,台中,網紅專屬九折,1199,無,已完成
ORD-73761,高雄,無,2158,無,已完成
ORD-31343,台南,無,3143,無,已完成
ORD-51910,桃園,滿千折兩百,4215,網紅B,已完成
ORD-28045,桃園,無,4113,無,已完成
ORD-81484,台中,滿千折兩百,4118,網紅A,已完成
ORD-65227,台南,免運優惠,2370,網紅B,已完成
ORD-10047,台中,網紅專屬九折,4149,網紅C,已退款
ORD-44614,台北,無,716,無,已完成
ORD-11937,高雄,網紅專屬九折,4241,網紅B,已完成
ORD-77487,台中,網紅專屬九折,1809,無,已完成
ORD-20292,高雄,網紅專屬九折,3234,無,已退款
ORD-32250,台中,免運優惠,1880,網紅A,已退款
ORD-27107,台中,免運優惠,3825,無,已完成
ORD-13840,台北,網紅專屬九折,4520,網紅B,已完成
ORD-70815,台北,網紅專屬九折,3665,網紅C,已完成
ORD-32086,台北,滿千折兩百,1387,網紅B,已完成
ORD-92905,台北,網紅專屬九折,2717,無,已退款
ORD-75092,台中,滿千折兩百,3698,網紅B,已完成
ORD-13088,桃園,免運優惠,3629,網紅A,已完成
ORD-47363,台北,無,1023,網紅C,已完成
ORD-30255,高雄,免運優惠,3050,網紅A,已完成
ORD-45526,台北,免運優惠,3184,網紅C,已完成
ORD-58188,台中,免運優惠,2975,網紅B,已完成
ORD-20393,台北,無,3912,網紅B,已完成
ORD-65371,台南,滿千折兩百,2158,無,已完成
ORD-59281,台北,免運優惠,3963,無,已完成
ORD-21519,台中,網紅專屬九折,4161,無,已完成
ORD-15980,台中,無,1366,無,已完成
ORD-48315,台中,無,2882,無,已完成
ORD-54829,台中,無,636,網紅A,已完成
ORD-44419,台北,滿千折兩百,2887,無,已完成
ORD-38841,台中,滿千折兩百,2172,網紅B,已完成
ORD-73284,台北,免運優惠,4646,網紅A,已完成
ORD-12623,台中,免運優惠,623,網紅B,已完成
ORD-70805,高雄,免運優惠,1069,網紅A,已完成
ORD-51773,高雄,網紅專屬九折,1634,無,已完成
ORD-59050,台南,免運優惠,1440,無,已完成
ORD-56736,台北,免運優惠,1838,無,已完成
ORD-61790,台北,無,3461,網紅C,已完成
ORD-74311,台中,無,696,網紅A,已完成
ORD-97973,台中,無,2331,無,已完成
ORD-15886,高雄,網紅專屬九折,4596,網紅B,已完成
ORD-82712,台北,免運優惠,1864,網紅A,已完成
ORD-74049,高雄,網紅專屬九折,2195,無,已完成
ORD-12964,高雄,滿千折兩百,1771,網紅A,已完成
ORD-90131,台中,網紅專屬九折,1766,無,已完成
ORD-93778,台南,滿千折兩百,925,網紅C,已完成
ORD-65881,台中,網紅專屬九折,2583,無,已完成
ORD-69140,台北,免運優惠,2906,網紅B,已完成
ORD-70056,高雄,網紅專屬九折,4742,網紅A,已完成
ORD-62934,台中,免運優惠,1805,網紅B,已完成
ORD-20031,高雄,無,4788,網紅B,已完成
ORD-68775,桃園,滿千折兩百,902,無,已完成
ORD-36615,台中,滿千折兩百,2806,無,已完成
ORD-42911,台南,網紅專屬九折,3615,網紅C,已完成
ORD-77899,台北,滿千折兩百,4515,網紅C,已完成
ORD-44925,台中,無,3832,無,已完成
ORD-46277,台中,網紅專屬九折,2648,無,已完成
ORD-21240,台北,滿千折兩百,1478,無,已完成
ORD-37077,高雄,免運優惠,2928,無,已完成
ORD-33578,台北,網紅專屬九折,3342,網紅B,已完成
ORD-81092,高雄,滿千折兩百,2606,無,已完成
ORD-72287,台中,無,2334,網紅B,已完成
ORD-88606,台北,免運優惠,3660,網紅B,已完成
ORD-99127,高雄,無,4502,無,已完成
ORD-93452,台北,無,3498,無,已完成
ORD-33813,台北,無,4603,網紅B,已完成
ORD-76725,台北,免運優惠,3329,網紅C,已完成
ORD-98171,台中,無,941,無,已完成
ORD-41612,台北,網紅專屬九折,2074,無,已完成
ORD-29525,高雄,滿千折兩百,1452,網紅B,已完成
ORD-22696,桃園,滿千折兩百,4423,無,已完成
ORD-45296,高雄,無,3087,網紅C,已完成
ORD-95518,台北,免運優惠,4490,無,已完成
ORD-37863,台北,免運優惠,1355,網紅B,已完成
ORD-41459,高雄,滿千折兩百,1199,網紅B,已完成
ORD-97416,台北,網紅專屬九折,4169,無,已完成
ORD-88917,高雄,網紅專屬九折,3272,網紅A,已完成
ORD-13298,台北,無,4218,無,已完成
ORD-88035,台中,免運優惠,4061,無,已完成
ORD-70855,高雄,無,3271,無,已完成
ORD-86754,台北,滿千折兩百,2855,無,已完成
ORD-39524,台北,免運優惠,3707,網紅A,已完成
ORD-49977,高雄,無,4395,網紅B,已完成
ORD-69303,高雄,滿千折兩百,1907,網紅B,已完成
ORD-90640,台中,無,765,無,已完成
ORD-72855,台北,無,3638,網紅B,已完成
ORD-59575,高雄,滿千折兩百,2142,網紅A,已完成
ORD-66340,台北,無,2622,網紅B,已完成
ORD-69467,台北,無,2615,網紅C,已完成
ORD-66587,台南,滿千折兩百,4346,無,已完成
ORD-64803,高雄,網紅專屬九折,1661,網紅B,已完成
ORD-39956,高雄,無,1053,無,已完成
ORD-85778,台中,免運優惠,1230,無,已完成
ORD-25591,台北,無,2336,網紅B,已完成
ORD-29468,桃園,滿千折兩百,2528,無,已完成
ORD-45804,台中,免運優惠,3017,網紅B,已完成
ORD-78735,台南,免運優惠,3923,網紅C,已完成
ORD-93292,高雄,網紅專屬九折,2485,網紅A,已完成
ORD-49023,台北,網紅專屬九折,2306,網紅B,已完成
ORD-82900,台南,免運優惠,3681,網紅C,已完成
ORD-72691,高雄,免運優惠,2078,無,已完成
ORD-87049,台中,無,3336,無,已完成
ORD-23155,桃園,免運優惠,648,無,已完成
ORD-27023,桃園,網紅專屬九折,3579,網紅A,已完成
ORD-11143,高雄,免運優惠,3372,網紅B,已完成
ORD-99551,台中,網紅專屬九折,4744,無,已完成
ORD-55376,桃園,免運優惠,1276,無,已完成
ORD-68019,高雄,網紅專屬九折,3880,網紅A,已完成
ORD-36607,台中,免運優惠,4978,網紅B,已完成
ORD-36557,台北,免運優惠,2070,網紅C,已完成
ORD-77465,台北,網紅專屬九折,799,網紅C,已完成
ORD-53909,高雄,免運優惠,930,無,已退款
ORD-11396,台北,網紅專屬九折,4045,網紅C,已完成
ORD-68918,高雄,無,864,無,已完成
ORD-77038,桃園,網紅專屬九折,3792,網紅A,已完成
ORD-12231,台中,滿千折兩百,645,網紅B,已完成
ORD-40014,台南,網紅專屬九折,1750,網紅A,已完成
ORD-30043,台中,無,1850,網紅A,已完成
ORD-10969,台中,滿千折兩百,2174,無,已完成
ORD-52158,高雄,無,2081,網紅B,已完成
ORD-65125,桃園,免運優惠,2485,網紅A,已完成
ORD-83208,台北,網紅專屬九折,1043,網紅C,已完成
ORD-42868,台中,滿千折兩百,4352,無,已退款
ORD-35698,台中,免運優惠,3305,網紅B,已完成
ORD-73187,台中,無,1978,無,已完成
ORD-27902,台北,滿千折兩百,974,無,已退款
ORD-46043,台北,滿千折兩百,2098,網紅B,已完成
ORD-14558,台北,滿千折兩百,3689,無,已完成
ORD-69607,高雄,無,1814,網紅A,已完成
ORD-10229,台中,網紅專屬九折,1346,無,已完成
ORD-65289,台南,網紅專屬九折,1108,網紅B,已完成
ORD-57394,高雄,網紅專屬九折,4011,網紅B,已完成
ORD-87235,台北,免運優惠,577,無,已退款
ORD-27831,台北,無,1562,網紅A,已完成
ORD-53385,台南,免運優惠,1072,無,已完成
ORD-77238,台中,網紅專屬九折,1515,網紅B,已完成
ORD-80762,台中,網紅專屬九折,4467,無,已完成
ORD-34038,台南,免運優惠,1697,無,已完成
ORD-40303,台中,滿千折兩百,4690,網紅A,已完成
ORD-67288,桃園,免運優惠,3282,網紅B,已完成
ORD-16078,台中,網紅專屬九折,1117,無,已完成
ORD-18808,台北,無,4394,無,已完成
ORD-47473,桃園,網紅專屬九折,4524,無,已完成
ORD-48753,台北,網紅專屬九折,3336,網紅A,已完成
ORD-37981,桃園,免運優惠,3904,網紅B,已完成
ORD-81845,高雄,滿千折兩百,2101,網紅C,已完成
ORD-97653,台北,網紅專屬九折,4386,網紅A,已完成
ORD-95296,高雄,網紅專屬九折,1164,網紅C,已完成
ORD-88588,台北,網紅專屬九折,4745,無,已完成
ORD-95670,台北,免運優惠,1164,網紅C,已完成
ORD-79653,台中,網紅專屬九折,1739,網紅C,已完成
ORD-45837,台中,無,1245,無,已完成
ORD-98624,高雄,免運優惠,3826,網紅A,已完成
ORD-65374,台南,滿千折兩百,1794,無,已完成
ORD-61258,台北,滿千折兩百,4932,網紅C,已完成
ORD-90098,台北,網紅專屬九折,4557,無,已退款
ORD-88341,台中,無,4674,網紅A,已完成
ORD-33853,台中,無,1059,無,已完成
ORD-18540,台南,網紅專屬九折,4611,網紅C,已完成
ORD-86868,台北,無,4862,無,已完成
ORD-63590,台北,網紅專屬九折,3022,網紅B,已完成
ORD-18449,台中,無,3641,網紅B,已完成
ORD-65352,台中,滿千折兩百,2826,網紅B,已完成
ORD-70037,台北,無,2543,無,已完成
ORD-98244,桃園,無,1010,無,已完成
ORD-94561,台北,網紅專屬九折,4681,無,已完成
ORD-15205,高雄,免運優惠,4871,無,已完成
ORD-62071,台中,免運優惠,2405,無,已完成
ORD-88901,台北,網紅專屬九折,2008,網紅C,已完成
ORD-49136,台南,網紅專屬九折,2479,無,已完成
ORD-81519,桃園,滿千折兩百,767,網紅B,已完成
ORD-87753,台中,滿千折兩百,4104,網紅B,已完成
ORD-93379,台中,免運優惠,3251,網紅C,已完成
ORD-49752,台中,無,2856,網紅B,已完成
ORD-34876,台北,無,761,網紅A,已完成
ORD-51694,高雄,免運優惠,4798,無,已完成
ORD-67075,高雄,免運優惠,991,網紅C,已完成
ORD-83968,台中,免運優惠,4420,無,已完成
ORD-97294,台中,無,2520,網紅C,已完成
ORD-55433,高雄,網紅專屬九折,3037,網紅A,已完成
ORD-88242,台北,免運優惠,2465,無,已完成
ORD-75452,高雄,網紅專屬九折,2668,網紅B,已完成
ORD-68234,高雄,網紅專屬九折,3771,網紅A,已完成
ORD-11124,台中,網紅專屬九折,3287,無,已完成
ORD-55778,台北,滿千折兩百,1398,網紅A,已完成
ORD-48156,台北,免運優惠,3046,網紅B,已完成
ORD-71637,台南,滿千折兩百,4131,網紅A,已完成
ORD-96271,高雄,網紅專屬九折,1796,網紅B,已完成
ORD-81810,台北,滿千折兩百,3484,無,已完成
ORD-87173,高雄,網紅專屬九折,2736,網紅B,已完成
ORD-38294,台北,網紅專屬九折,4545,網紅B,已完成
ORD-78923,桃園,免運優惠,3599,網紅A,已退款
ORD-13437,台中,滿千折兩百,2794,網紅B,已完成
ORD-36714,台北,免運優惠,3547,網紅C,已完成
ORD-61334,台中,無,3081,網紅C,已完成
ORD-67436,台中,無,1725,網紅B,已完成
ORD-63526,台北,無,3016,網紅A,已完成
ORD-87929,台南,滿千折兩百,3292,網紅A,已完成
ORD-12216,台中,免運優惠,4735,無,已完成
ORD-82804,台北,免運優惠,2154,無,已完成
ORD-20416,台北,無,2030,網紅B,已完成
ORD-77576,台中,網紅專屬九折,4081,網紅A,已完成
ORD-27280,台北,無,955,網紅A,已完成
ORD-82916,高雄,滿千折兩百,1263,網紅B,已完成
ORD-18903,台中,免運優惠,1234,無,已完成
ORD-31566,台北,滿千折兩百,1045,網紅B,已完成
ORD-75372,台北,無,3426,網紅B,已完成
ORD-82835,高雄,無,556,網紅C,已完成
ORD-68541,台北,網紅專屬九折,4482,網紅B,已完成
ORD-67194,桃園,免運優惠,2076,無,已完成
ORD-97553,台北,免運優惠,1905,無,已完成
ORD-72221,台北,無,1116,網紅C,已完成
ORD-84253,台北,滿千折兩百,3737,無,已完成
ORD-28103,台北,滿千折兩百,1030,網紅C,已完成
ORD-48673,台北,免運優惠,3776,網紅C,已完成
ORD-31400,台中,滿千折兩百,4283,無,已完成
ORD-68676,台北,滿千折兩百,4564,無,已完成
ORD-26844,台南,免運優惠,895,無,已完成
ORD-36812,高雄,無,1162,網紅C,已完成
ORD-33164,台北,滿千折兩百,2177,網紅A,已完成
ORD-77741,台北,網紅專屬九折,4305,無,已完成
ORD-92505,台北,無,2065,無,已完成
ORD-58329,台南,滿千折兩百,1678,無,已完成
ORD-68901,桃園,免運優惠,3121,無,已完成
ORD-42329,台北,無,2351,無,已完成
ORD-17095,高雄,網紅專屬九折,3868,無,已完成
ORD-70134,台北,無,2710,網紅A,已退款
ORD-80413,台北,無,2965,網紅A,已退款
ORD-52103,台北,滿千折兩百,4203,無,已完成
ORD-86225,台北,網紅專屬九折,3505,網紅C,已完成
ORD-37690,台北,免運優惠,3546,網紅A,已完成
ORD-56131,台北,免運優惠,4367,網紅B,已完成
ORD-14282,高雄,免運優惠,4002,網紅A,已完成
ORD-53115,高雄,滿千折兩百,1214,網紅C,已完成
ORD-98856,高雄,無,2990,無,已完成
ORD-74083,台中,滿千折兩百,1683,無,已完成
ORD-17602,台北,網紅專屬九折,663,網紅B,已完成
ORD-77003,台南,滿千折兩百,3695,無,已完成
ORD-25033,台北,免運優惠,1312,網紅B,已完成
ORD-65886,台北,滿千折兩百,1838,無,已完成
ORD-75867,高雄,免運優惠,1283,網紅B,已完成
ORD-27326,台北,滿千折兩百,4425,網紅B,已完成
ORD-87823,台中,網紅專屬九折,4314,網紅B,已完成
ORD-31760,台中,網紅專屬九折,4444,網紅A,已完成
ORD-18621,台北,免運優惠,2720,網紅A,已完成
ORD-58621,台北,網紅專屬九折,4719,網紅B,已完成
ORD-67755,高雄,無,3737,網紅A,已完成
ORD-41085,台中,免運優惠,4869,網紅B,已完成
ORD-61856,高雄,無,4617,無,已完成
ORD-17362,台北,滿千折兩百,2113,無,已完成
ORD-77113,台北,滿千折兩百,2876,網紅A,已退款
ORD-19210,高雄,網紅專屬九折,2383,無,已退款
ORD-41677,高雄,滿千折兩百,2942,無,已完成
ORD-57091,台北,滿千折兩百,3993,無,已完成
ORD-65103,高雄,網紅專屬九折,3821,網紅A,已完成
ORD-16923,高雄,滿千折兩百,731,無,已完成
ORD-23704,台北,免運優惠,4443,無,已完成
ORD-67416,台南,免運優惠,3431,網紅B,已完成
ORD-14165,高雄,滿千折兩百,1187,無,已完成
ORD-98342,台南,免運優惠,949,網紅A,已完成
ORD-19906,台中,無,2414,網紅C,已完成
ORD-65319,高雄,滿千折兩百,867,網紅C,已完成
ORD-76270,台中,網紅專屬九折,786,網紅A,已完成
ORD-71039,台北,網紅專屬九折,4925,網紅A,已完成
ORD-72783,台北,無,1445,無,已完成
ORD-65256,台北,無,959,網紅B,已完成
ORD-61017,台中,滿千折兩百,4379,無,已完成
ORD-69021,高雄,滿千折兩百,2320,無,已完成
ORD-41911,高雄,滿千折兩百,3228,無,已完成
ORD-27684,台北,網紅專屬九折,1142,無,已完成
ORD-86233,高雄,免運優惠,2602,網紅A,已完成
ORD-76586,高雄,無,3947,網紅A,已完成
ORD-42231,桃園,免運優惠,2877,網紅B,已完成
ORD-78723,台南,網紅專屬九折,1588,無,已退款
ORD-82756,台北,網紅專屬九折,583,無,已完成
ORD-48812,台北,網紅專屬九折,1887,網紅B,已完成
ORD-53774,台北,免運優惠,3082,網紅B,已完成
ORD-85522,台北,網紅專屬九折,2109,網紅B,已完成
ORD-57917,台南,滿千折兩百,4077,無,已完成
ORD-68532,台北,無,1083,網紅C,已完成
ORD-19553,台北,免運優惠,3691,無,已完成
ORD-79268,台中,免運優惠,3547,網紅B,已退款
ORD-52096,桃園,網紅專屬九折,3323,無,已完成
ORD-41073,台中,無,2544,網紅A,已完成
ORD-68681,台南,網紅專屬九折,1896,網紅A,已完成
ORD-61989,桃園,滿千折兩百,1746,網紅A,已完成
ORD-53538,台中,滿千折兩百,3232,無,已完成
ORD-46446,台北,免運優惠,2105,網紅B,已完成
ORD-81846,台北,無,1205,無,已完成
ORD-84962,桃園,網紅專屬九折,3109,網紅C,已完成
ORD-35080,桃園,滿千折兩百,639,網紅A,已完成
ORD-74537,高雄,網紅專屬九折,768,無,已完成
ORD-58862,台北,無,4228,網紅B,已完成
ORD-52510,桃園,網紅專屬九折,4316,無,已完成
ORD-95776,台北,無,2317,網紅B,已完成
ORD-11056,台南,無,2276,無,已完成
ORD-16297,台北,免運優惠,4477,網紅A,已完成
ORD-71199,高雄,網紅專屬九折,2212,網紅A,已完成
ORD-15197,台中,免運優惠,1068,無,已完成
ORD-49915,台南,免運優惠,2441,無,已完成
ORD-72878,台中,網紅專屬九折,1328,無,已完成
ORD-59481,高雄,滿千折兩百,1724,網紅A,已完成
ORD-85255,台北,滿千折兩百,2779,無,已完成
ORD-79349,高雄,滿千折兩百,4270,網紅A,已完成
ORD-86103,台北,無,4589,網紅A,已完成
ORD-64240,台北,免運優惠,3820,無,已完成
ORD-54359,台北,網紅專屬九折,1823,網紅A,已完成
ORD-79236,台北,網紅專屬九折,815,網紅A,已完成
ORD-13293,高雄,網紅專屬九折,1198,無,已完成
ORD-12228,台北,滿千折兩百,3948,無,已完成
ORD-59019,台北,無,1334,無,已完成
ORD-42467,台北,網紅專屬九折,516,無,已完成
ORD-55799,台南,免運優惠,3190,網紅A,已完成
ORD-60378,高雄,網紅專屬九折,2188,網紅C,已完成
ORD-63126,高雄,滿千折兩百,2989,網紅A,已完成
ORD-26761,台北,免運優惠,4185,網紅C,已完成
ORD-18259,桃園,免運優惠,3811,無,已完成
ORD-72204,桃園,滿千折兩百,2779,網紅C,已完成
ORD-95682,台北,滿千折兩百,2031,網紅B,已完成
ORD-70769,台北,無,4546,網紅B,已退款
ORD-43426,台北,無,4860,網紅A,已完成
ORD-42419,台中,網紅專屬九折,4580,網紅B,已完成
ORD-46183,台北,滿千折兩百,3645,網紅A,已完成
ORD-36473,台中,免運優惠,1966,網紅A,已完成
ORD-41460,高雄,無,610,無,已完成
ORD-59998,高雄,滿千折兩百,3983,無,已完成
ORD-62481,桃園,免運優惠,4165,網紅A,已完成
ORD-98231,台南,滿千折兩百,4992,網紅B,已完成
ORD-14486,台中,免運優惠,4842,無,已完成
ORD-62863,台北,免運優惠,3809,網紅A,已完成
ORD-66528,台北,滿千折兩百,3547,網紅B,已完成
ORD-57607,台中,網紅專屬九折,735,網紅B,已完成
ORD-67766,台北,免運優惠,4546,無,已完成
ORD-73848,台中,網紅專屬九折,4637,無,已完成
ORD-42364,台南,滿千折兩百,2928,網紅B,已退款
ORD-52594,台中,網紅專屬九折,2194,無,已完成
ORD-99759,高雄,網紅專屬九折,3772,網紅B,已完成
ORD-74947,高雄,滿千折兩百,1676,網紅C,已完成
ORD-47644,台北,無,621,網紅A,已完成
ORD-86278,高雄,免運優惠,2131,無,已完成
ORD-86214,台南,滿千折兩百,3327,無,已完成
ORD-43796,台中,免運優惠,4642,網紅B,已完成
ORD-72092,台中,網紅專屬九折,2368,網紅B,已完成
ORD-43717,高雄,免運優惠,2673,無,已完成
ORD-28259,桃園,滿千折兩百,4696,網紅A,已完成
ORD-72168,台北,免運優惠,3905,無,已完成
ORD-82937,高雄,網紅專屬九折,2878,網紅A,已完成
ORD-44740,台中,網紅專屬九折,1535,無,已完成
ORD-14621,台北,網紅專屬九折,3346,無,已完成
ORD-90190,台南,滿千折兩百,2356,無,已完成
ORD-32121,台北,網紅專屬九折,1232,網紅B,已完成
ORD-88756,高雄,網紅專屬九折,4162,網紅B,已退款
ORD-61590,高雄,網紅專屬九折,1930,網紅C,已完成
ORD-89076,台中,免運優惠,2043,網紅B,已完成
ORD-29066,台中,無,859,網紅B,已完成
ORD-67709,高雄,免運優惠,2795,網紅A,已完成
ORD-10480,台北,滿千折兩百,4404,網紅B,已完成
ORD-87773,台南,無,4859,無,已完成
ORD-53290,桃園,網紅專屬九折,4800,網紅C,已退款
ORD-74550,高雄,滿千折兩百,4477,網紅B,已完成
ORD-32088,高雄,滿千折兩百,3691,網紅C,已完成
ORD-27814,台北,滿千折兩百,4747,無,已退款
ORD-42555,台中,免運優惠,4999,網紅A,已完成
ORD-34266,台北,免運優惠,1698,無,已完成
ORD-89707,高雄,免運優惠,4911,網紅C,已完成
ORD-16041,台南,免運優惠,3079,網紅A,已完成
ORD-86052,高雄,無,2695,無,已完成
ORD-72399,台北,免運優惠,3040,網紅A,已完成
ORD-27952,台北,滿千折兩百,3751,網紅A,已完成
ORD-62295,高雄,滿千折兩百,4103,網紅B,已完成
ORD-20841,台北,無,4677,網紅B,已完成
ORD-21165,台中,無,2080,網紅B,已完成
ORD-85729,台北,無,2555,無,已退款
ORD-55296,台北,網紅專屬九折,1436,無,已完成
ORD-27196,台北,免運優惠,2292,無,已完成
ORD-17243,桃園,免運優惠,4404,無,已完成
ORD-45701,台北,免運優惠,4270,無,已完成
ORD-86917,桃園,網紅專屬九折,1633,網紅C,已完成
ORD-16178,高雄,免運優惠,3557,網紅B,已完成
ORD-99136,高雄,滿千折兩百,3546,網紅B,已完成
ORD-83317,桃園,滿千折兩百,2537,無,已完成
ORD-63823,桃園,免運優惠,4289,無,已完成
ORD-21677,高雄,網紅專屬九折,3872,網紅C,已完成
ORD-51288,台中,免運優惠,4471,無,已完成
ORD-49775,台北,滿千折兩百,4883,網紅A,已完成
ORD-61211,桃園,免運優惠,3110,網紅B,已完成
ORD-20194,桃園,網紅專屬九折,1256,無,已完成
ORD-47546,桃園,網紅專屬九折,1020,網紅A,已完成
ORD-19627,台南,無,520,網紅B,已完成
ORD-29356,台北,無,3897,無,已完成
ORD-61474,台南,滿千折兩百,1290,網紅B,已完成
ORD-91191,台南,滿千折兩百,1525,無,已完成
ORD-41401,台北,網紅專屬九折,4606,網紅B,已完成
ORD-54814,台中,網紅專屬九折,4081,無,已完成
ORD-73177,高雄,無,3971,無,已完成
ORD-40329,台中,無,1522,無,已完成
ORD-79735,高雄,網紅專屬九折,3797,網紅B,已完成
ORD-42154,台南,免運優惠,752,無,已完成
ORD-79301,台中,無,4968,無,已完成
ORD-73630,桃園,網紅專屬九折,2336,網紅C,已完成
ORD-94589,台北,滿千折兩百,4295,網紅A,已完成
ORD-37481,台南,網紅專屬九折,1601,網紅C,已完成
ORD-73738,台南,滿千折兩百,1565,無,已退款
ORD-48700,桃園,免運優惠,4133,網紅A,已完成
ORD-93774,台北,網紅專屬九折,4786,無,已完成
ORD-46526,高雄,滿千折兩百,2540,網紅B,已完成
ORD-61193,台北,滿千折兩百,3832,網紅B,已完成
ORD-84682,台北,免運優惠,898,無,已完成
ORD-70210,台北,無,4998,無,已完成
ORD-39605,高雄,網紅專屬九折,2041,網紅B,已完成
ORD-28971,桃園,免運優惠,2629,無,已完成
ORD-84555,台北,滿千折兩百,4400,無,已完成
ORD-53216,台北,滿千折兩百,4091,網紅C,已完成
ORD-30611,台南,滿千折兩百,1507,網紅A,已完成
ORD-70855,台北,無,1868,無,已完成
ORD-64350,台北,網紅專屬九折,1517,網紅A,已完成
ORD-81054,台北,滿千折兩百,4628,無,已完成
ORD-99425,台中,滿千折兩百,2502,網紅A,已完成
ORD-60107,台北,滿千折兩百,2636,無,已完成
ORD-59281,高雄,免運優惠,1281,網紅A,已完成
ORD-90008,台南,免運優惠,3786,網紅B,已完成
ORD-29837,台北,免運優惠,1294,網紅B,已完成
ORD-53525,高雄,網紅專屬九折,3612,無,已完成
ORD-12498,台南,無,687,無,已完成
ORD-22105,高雄,網紅專屬九折,564,網紅A,已完成
ORD-33496,桃園,網紅專屬九折,549,無,已完成
ORD-22692,台北,無,4555,網紅A,已完成
ORD-77828,台北,滿千折兩百,2600,網紅A,已完成
ORD-51393,台北,無,2694,網紅A,已完成
ORD-61856,台中,網紅專屬九折,680,無,已完成
ORD-62904,台北,免運優惠,3072,網紅C,已完成
ORD-59237,台中,免運優惠,3726,無,已完成
ORD-38976,台北,無,1205,網紅B,已完成
ORD-98118,高雄,網紅專屬九折,1257,無,已完成
ORD-14434,高雄,無,996,無,已完成
ORD-96587,桃園,免運優惠,4285,網紅C,已完成
ORD-91050,台北,網紅專屬九折,3214,網紅A,已完成
ORD-21683,台北,免運優惠,4360,網紅B,已完成
ORD-82422,桃園,網紅專屬九折,1961,無,已完成
ORD-19940,高雄,無,3120,網紅C,已完成
ORD-12719,台北,滿千折兩百,2025,網紅B,已完成
ORD-28804,高雄,滿千折兩百,1019,網紅A,已完成
ORD-11667,高雄,免運優惠,2378,無,已完成
ORD-51216,台中,網紅專屬九折,1301,無,已完成
ORD-46361,台中,無,2366,網紅A,已完成
ORD-17413,台中,滿千折兩百,1117,無,已完成
ORD-52583,台北,無,3744,網紅B,已完成
ORD-73538,高雄,滿千折兩百,4466,無,已退款
ORD-70256,台北,網紅專屬九折,2280,無,已完成
ORD-85557,台北,無,3082,網紅B,已完成
ORD-64146,台南,滿千折兩百,1724,無,已完成
ORD-79795,台中,滿千折兩百,2027,網紅C,已完成
ORD-10964,台中,滿千折兩百,3681,網紅B,已完成
ORD-78729,台中,滿千折兩百,3768,網紅A,已完成
ORD-44613,台北,網紅專屬九折,1040,網紅A,已完成
ORD-23494,高雄,滿千折兩百,776,網紅C,已完成
ORD-87875,高雄,免運優惠,4274,網紅A,已完成
ORD-75053,桃園,滿千折兩百,3804,網紅C,已完成
ORD-96823,台北,無,1279,無,已完成
ORD-49140,台中,免運優惠,1558,無,已完成
ORD-78226,台中,網紅專屬九折,764,網紅A,已完成
ORD-50249,台中,免運優惠,688,網紅B,已完成
ORD-86765,台中,免運優惠,2896,無,已完成
ORD-75581,台北,網紅專屬九折,1850,網紅B,已完成
ORD-94315,高雄,網紅專屬九折,1804,無,已退款
ORD-67091,高雄,網紅專屬九折,4113,網紅B,已完成
ORD-37124,桃園,無,4158,網紅B,已完成
ORD-38355,台北,免運優惠,3996,網紅A,已完成
ORD-95423,台北,網紅專屬九折,3050,無,已完成
ORD-85997,桃園,滿千折兩百,733,網紅A,已完成
ORD-72467,桃園,無,2153,網紅B,已完成
ORD-98799,台北,免運優惠,775,無,已完成
ORD-90881,台北,無,979,無,已完成
ORD-15400,台北,無,2870,網紅A,已完成
ORD-40725,台北,滿千折兩百,1025,網紅B,已退款
ORD-13037,高雄,無,4568,無,已退款
ORD-67753,台中,無,3832,無,已完成
ORD-79600,台中,網紅專屬九折,1470,網紅B,已完成
ORD-61096,高雄,滿千折兩百,857,無,已完成
ORD-94991,台北,無,650,無,已完成
ORD-53526,台北,免運優惠,4475,網紅A,已完成
ORD-43061,台南,滿千折兩百,4981,網紅C,已完成
ORD-66571,台中,無,3589,無,已完成
ORD-41699,台中,免運優惠,1193,網紅B,已完成
ORD-70326,桃園,無,1858,無,已完成
ORD-31510,桃園,免運優惠,2744,網紅B,已完成
ORD-95053,台南,滿千折兩百,1994,無,已完成
ORD-21965,高雄,免運優惠,1370,無,已完成
ORD-21175,台南,免運優惠,3888,網紅A,已完成
ORD-72584,台中,無,4903,無,已完成
ORD-59961,台北,滿千折兩百,1537,網紅B,已完成
ORD-13410,台北,網紅專屬九折,2724,無,已完成
ORD-29403,台中,無,2036,網紅B,已完成
ORD-53390,台北,滿千折兩百,1631,網紅B,已完成
ORD-43804,台北,無,3847,網紅B,已完成
ORD-42419,台中,網紅專屬九折,1011,網紅A,已完成
ORD-66684,台北,滿千折兩百,2441,無,已完成
ORD-27424,台北,網紅專屬九折,2456,無,已完成
ORD-70540,台北,免運優惠,3962,無,已完成
ORD-98731,桃園,網紅專屬九折,1089,網紅C,已完成
ORD-30743,高雄,網紅專屬九折,4167,無,已完成
ORD-32394,台中,無,1788,無,已完成
ORD-40893,桃園,免運優惠,3099,網紅A,已完成
ORD-95883,台北,無,2508,網紅B,已完成
ORD-32804,桃園,滿千折兩百,901,網紅B,已退款
ORD-48087,台北,免運優惠,4116,網紅B,已退款
ORD-95852,高雄,網紅專屬九折,3892,無,已完成
ORD-98552,台南,無,3331,網紅C,已完成
ORD-39200,台中,網紅專屬九折,2663,網紅B,已完成
ORD-99475,台北,免運優惠,1490,網紅A,已完成
ORD-74577,台北,滿千折兩百,4715,無,已完成
ORD-23730,高雄,網紅專屬九折,4977,網紅B,已完成
ORD-22308,台北,免運優惠,2381,無,已完成
ORD-30089,台北,免運優惠,2695,無,已完成
ORD-72493,台北,滿千折兩百,1363,無,已完成
ORD-88233,台中,免運優惠,3719,網紅B,已完成
ORD-96281,高雄,免運優惠,4031,網紅B,已完成
ORD-45750,台中,滿千折兩百,1271,無,已完成
ORD-33114,台南,無,1039,網紅B,已完成
ORD-69957,台北,免運優惠,702,網紅C,已完成
ORD-75470,高雄,網紅專屬九折,1874,無,已完成
ORD-22822,高雄,無,1898,無,已完成
ORD-93928,台中,無,3870,無,已完成
ORD-21343,桃園,滿千折兩百,2703,網紅B,已完成
ORD-66638,桃園,免運優惠,3673,無,已完成
ORD-14219,台南,無,1228,網紅B,已完成
ORD-84907,台北,免運優惠,3409,網紅B,已完成
ORD-70788,台南,免運優惠,4092,網紅B,已完成
ORD-91154,台中,無,2816,無,已完成
ORD-33736,台中,滿千折兩百,842,網紅B,已完成
ORD-62688,台中,無,2638,網紅A,已完成
ORD-96093,高雄,滿千折兩百,3549,網紅B,已完成
ORD-56106,台北,無,3378,無,已完成
ORD-54603,台北,無,2049,網紅C,已完成
ORD-50970,高雄,免運優惠,3850,網紅A,已完成
ORD-50136,高雄,無,4871,無,已完成
ORD-15344,台中,免運優惠,4653,網紅B,已完成
ORD-34319,台中,滿千折兩百,1901,網紅C,已完成
ORD-86180,台北,網紅專屬九折,4359,網紅B,已完成
ORD-35952,台中,滿千折兩百,1624,網紅B,已完成
ORD-97298,台中,無,3683,網紅A,已完成
ORD-25412,高雄,滿千折兩百,3466,網紅A,已完成
ORD-74907,高雄,滿千折兩百,3228,網紅A,已完成
ORD-76121,台北,網紅專屬九折,3310,網紅B,已完成
ORD-17935,台中,免運優惠,2403,無,已完成
ORD-75035,台中,滿千折兩百,2119,無,已完成
ORD-67583,高雄,滿千折兩百,2304,網紅A,已完成
ORD-64484,桃園,免運優惠,2227,無,已完成
ORD-87868,台南,網紅專屬九折,1691,網紅C,已完成
ORD-21483,台北,網紅專屬九折,3479,無,已完成
ORD-81083,台中,網紅專屬九折,3744,無,已退款
ORD-17853,高雄,免運優惠,2746,網紅A,已完成
ORD-81413,高雄,無,1784,網紅A,已完成
ORD-37045,台北,免運優惠,1534,網紅B,已完成
ORD-51607,高雄,無,2207,網紅A,已完成
ORD-92722,台南,網紅專屬九折,3066,網紅B,已完成
ORD-16628,桃園,無,2952,無,已完成
ORD-99639,台南,免運優惠,2141,網紅B,已完成
ORD-67275,台北,無,4099,網紅C,已完成
ORD-67747,高雄,免運優惠,1336,網紅B,已完成
ORD-41188,台北,免運優惠,3928,無,已完成
ORD-89533,台北,滿千折兩百,827,無,已完成
ORD-44650,台北,滿千折兩百,4252,網紅A,已完成
ORD-20800,台中,滿千折兩百,567,網紅C,已完成
ORD-51250,台北,免運優惠,3108,無,已完成
ORD-53012,台北,滿千折兩百,1551,無,已完成
ORD-80932,台北,無,2348,網紅A,已完成
ORD-97077,台北,滿千折兩百,1001,網紅B,已完成
ORD-95319,台北,網紅專屬九折,2281,無,已完成
ORD-74389,桃園,滿千折兩百,4418,無,已完成
ORD-83046,台北,滿千折兩百,4053,網紅A,已完成
ORD-68423,台北,無,2093,網紅C,已完成
ORD-24382,台北,免運優惠,3798,網紅B,已完成
ORD-74020,高雄,網紅專屬九折,1249,無,已完成
ORD-32061,台北,免運優惠,1735,網紅B,已完成
ORD-35348,台中,無,1101,網紅C,已完成
ORD-31991,台北,無,2801,無,已完成
ORD-94592,高雄,網紅專屬九折,2510,網紅B,已完成
ORD-38849,桃園,免運優惠,2809,無,已完成
ORD-55953,台北,免運優惠,1150,網紅B,已完成
ORD-59568,台南,無,2564,無,已完成
ORD-18659,桃園,滿千折兩百,4844,無,已完成
ORD-51099,台南,免運優惠,602,無,已完成
ORD-13615,台北,滿千折兩百,3401,網紅B,已完成
ORD-56977,桃園,網紅專屬九折,619,網紅B,已完成
ORD-51547,台南,無,3601,無,已完成
ORD-68350,台北,無,1836,網紅B,已完成
ORD-27024,高雄,網紅專屬九折,3701,無,已完成
ORD-41226,高雄,無,3800,無,已完成
ORD-44340,台中,滿千折兩百,522,網紅B,已完成
ORD-61358,台北,無,716,網紅A,已完成
ORD-87138,高雄,免運優惠,4603,網紅B,已完成
ORD-86136,台北,無,3422,無,已完成
ORD-69687,台中,無,3022,網紅A,已完成
ORD-47401,高雄,無,1016,網紅A,已完成
ORD-80759,台南,滿千折兩百,3924,網紅B,已完成
ORD-48037,高雄,滿千折兩百,1605,無,已完成
ORD-97776,高雄,滿千折兩百,2146,無,已退款
ORD-24778,桃園,滿千折兩百,1575,無,已完成
ORD-74505,台北,免運優惠,4759,網紅B,已完成
ORD-57735,台北,無,4877,無,已完成
ORD-25701,台中,滿千折兩百,2923,網紅B,已完成
ORD-88665,台南,無,2932,無,已完成
ORD-95139,台北,無,3779,網紅B,已完成
ORD-45483,高雄,無,4532,無,已完成
ORD-76868,台北,滿千折兩百,2825,網紅B,已完成
ORD-57967,台北,滿千折兩百,3652,網紅C,已完成
ORD-83850,台北,無,563,無,已完成
ORD-60311,台北,免運優惠,2561,無,已完成
ORD-53525,桃園,滿千折兩百,2098,無,已完成
ORD-83853,台北,滿千折兩百,955,網紅B,已完成
ORD-56371,高雄,網紅專屬九折,4008,網紅B,已完成
ORD-89779,台北,無,3845,網紅A,已完成
ORD-14991,台北,滿千折兩百,2204,無,已完成
ORD-61404,台南,滿千折兩百,1359,無,已完成
ORD-90969,台北,滿千折兩百,1081,無,已完成
ORD-88977,高雄,滿千折兩百,1726,網紅B,已完成
ORD-87536,台北,免運優惠,4453,網紅C,已完成
ORD-26645,高雄,網紅專屬九折,1750,網紅B,已完成
ORD-56578,台北,無,2973,無,已完成
ORD-50365,台南,網紅專屬九折,2782,網紅B,已完成
ORD-62037,台中,無,4126,無,已完成
ORD-54169,台中,網紅專屬九折,533,網紅C,已完成
ORD-13552,台北,無,3765,網紅A,已完成
ORD-82215,桃園,滿千折兩百,2423,網紅B,已完成
ORD-69082,台中,無,3565,網紅C,已完成
ORD-36835,台北,網紅專屬九折,2875,無,已完成
ORD-40348,桃園,網紅專屬九折,4339,無,已退款
ORD-85549,台北,無,4940,無,已完成
ORD-88204,高雄,網紅專屬九折,4426,無,已完成
ORD-32968,台北,免運優惠,2774,網紅B,已完成
ORD-97229,台北,滿千折兩百,4681,網紅B,已完成
ORD-61155,台北,免運優惠,2718,無,已完成
ORD-49242,台中,網紅專屬九折,1751,無,已完成
ORD-75042,高雄,無,4698,網紅B,已完成
ORD-51647,高雄,滿千折兩百,1241,網紅B,已完成
ORD-36523,台北,無,970,網紅B,已完成
ORD-74916,高雄,無,556,網紅A,已完成
ORD-71229,台南,免運優惠,2362,網紅A,已退款
ORD-64343,台中,網紅專屬九折,4697,網紅C,已完成
ORD-10824,台中,滿千折兩百,2712,無,已完成
ORD-63150,台中,網紅專屬九折,3747,網紅A,已完成
ORD-87682,台北,滿千折兩百,4840,無,已完成
ORD-36501,台北,滿千折兩百,3208,無,已完成
ORD-46769,台南,無,2765,無,已完成
ORD-33950,台北,免運優惠,2448,無,已完成
ORD-97474,台中,無,3702,無,已完成
ORD-39960,高雄,免運優惠,3442,網紅A,已完成
ORD-17582,高雄,免運優惠,920,網紅C,已完成
ORD-65226,桃園,無,2458,無,已完成
ORD-85831,台南,網紅專屬九折,3420,無,已完成
ORD-61884,高雄,免運優惠,1771,無,已完成
ORD-61980,台南,網紅專屬九折,2592,網紅B,已完成
ORD-22120,台北,網紅專屬九折,1757,網紅A,已完成
ORD-84063,高雄,免運優惠,1765,網紅B,已完成
ORD-95274,台南,網紅專屬九折,3955,網紅C,已完成
ORD-69394,台北,滿千折兩百,4803,無,已完成
ORD-66860,台北,網紅專屬九折,542,網紅B,已完成
ORD-26483,台北,網紅專屬九折,3105,網紅C,已完成
ORD-16789,台南,滿千折兩百,970,網紅B,已完成
ORD-77716,台北,免運優惠,2964,無,已完成
ORD-26163,台北,免運優惠,3938,網紅A,已完成
ORD-78728,台中,無,1953,無,已完成
ORD-98473,台北,免運優惠,1878,網紅C,已退款
ORD-30930,高雄,滿千折兩百,762,無,已完成
ORD-79409,台北,網紅專屬九折,683,網紅B,已完成
ORD-77048,桃園,免運優惠,4763,網紅B,已退款
ORD-93939,台北,無,1781,網紅C,已完成
ORD-93759,高雄,滿千折兩百,4032,網紅B,已完成
ORD-74947,台北,免運優惠,4745,網紅A,已完成
ORD-82117,高雄,免運優惠,3384,無,已完成
ORD-86738,台北,免運優惠,3031,網紅B,已完成
ORD-52294,高雄,滿千折兩百,3969,網紅A,已完成
ORD-95383,台北,滿千折兩百,1015,網紅C,已完成
ORD-73951,台北,免運優惠,2176,網紅B,已完成
ORD-50151,高雄,網紅專屬九折,2269,網紅B,已完成
ORD-66667,高雄,滿千折兩百,573,無,已完成
ORD-79988,台北,無,1107,網紅A,已完成
ORD-92022,台北,滿千折兩百,4650,網紅A,已完成
ORD-89681,台北,免運優惠,2532,網紅A,已完成
ORD-78863,高雄,無,4103,網紅A,已完成
ORD-60306,台北,滿千折兩百,4686,無,已完成
ORD-61820,台北,網紅專屬九折,3230,無,已完成
ORD-64227,台南,無,4953,網紅B,已完成
ORD-88928,台北,免運優惠,3248,無,已完成
ORD-33923,台中,無,4537,網紅A,已完成
ORD-77764,桃園,無,3164,網紅A,已完成
ORD-98258,高雄,網紅專屬九折,1769,網紅B,已完成
ORD-25708,台南,無,2196,無,已完成
ORD-22921,台中,滿千折兩百,1481,網紅B,已完成
ORD-41773,台中,滿千折兩百,4951,網紅C,已完成
ORD-38787,台北,滿千折兩百,1178,無,已完成
ORD-19068,桃園,無,540,無,已退款
ORD-32642,台中,無,4542,網紅B,已完成
ORD-80253,台北,無,4201,網紅A,已完成
ORD-94971,台北,免運優惠,4360,網紅B,已完成
ORD-70684,台北,網紅專屬九折,1948,網紅A,已完成
ORD-66345,台中,無,3820,無,已完成
ORD-88599,台北,免運優惠,3021,無,已完成
ORD-75247,台中,無,617,網紅B,已完成
ORD-38116,高雄,滿千折兩百,1592,無,已完成
ORD-16776,台中,滿千折兩百,4000,網紅B,已完成
ORD-83953,台中,滿千折兩百,2166,無,已完成
ORD-86601,台中,無,1826,網紅C,已完成
ORD-15918,高雄,免運優惠,3870,無,已完成
ORD-89503,台中,免運優惠,3227,網紅B,已完成
ORD-86569,台南,網紅專屬九折,3866,無,已完成
ORD-40885,高雄,無,946,無,已完成
ORD-96292,高雄,免運優惠,4466,網紅A,已完成
ORD-88023,台北,免運優惠,3444,無,已完成
ORD-50189,台中,網紅專屬九折,1904,無,已完成
ORD-16565,台北,滿千折兩百,3467,網紅B,已完成
ORD-53315,台北,滿千折兩百,4970,無,已完成
ORD-58475,高雄,免運優惠,4972,無,已完成
ORD-62100,台北,網紅專屬九折,1670,網紅C,已完成
ORD-25307,高雄,網紅專屬九折,3255,網紅B,已完成
ORD-28917,台北,網紅專屬九折,4240,無,已完成
ORD-66484,台北,網紅專屬九折,3061,無,已完成
ORD-41406,台北,免運優惠,4620,無,已完成
ORD-71231,台北,免運優惠,2394,無,已退款
ORD-90074,高雄,無,4067,網紅A,已完成
ORD-50194,台北,無,548,網紅C,已完成
ORD-94508,台北,滿千折兩百,2304,無,已完成
ORD-64850,高雄,免運優惠,3874,網紅C,已完成
ORD-74038,台北,無,3608,網紅B,已完成
ORD-45719,台中,無,3967,網紅A,已完成
ORD-57987,台北,滿千折兩百,4945,網紅B,已完成
ORD-26252,台中,免運優惠,3223,網紅B,已完成
ORD-86328,台北,滿千折兩百,4912,網紅A,已退款
ORD-25225,台北,無,2699,網紅C,已完成
ORD-63213,台北,網紅專屬九折,4606,網紅B,已完成
ORD-59457,台北,無,1225,無,已完成
ORD-99781,高雄,免運優惠,1273,網紅B,已完成
ORD-86142,高雄,免運優惠,4198,網紅B,已完成
ORD-28754,台北,無,1606,無,已完成
ORD-12808,高雄,免運優惠,4136,無,已完成
ORD-36437,台中,滿千折兩百,1500,網紅B,已退款
ORD-97938,台中,免運優惠,3083,網紅C,已完成
ORD-74934,高雄,免運優惠,1528,網紅A,已完成
ORD-11277,台中,無,2426,無,已完成
ORD-22676,台北,免運優惠,4969,網紅A,已完成
ORD-42530,高雄,網紅專屬九折,688,網紅B,已完成
ORD-59987,台中,滿千折兩百,2410,網紅B,已完成
ORD-89431,台中,網紅專屬九折,4744,無,已完成
ORD-58010,台北,免運優惠,4896,網紅B,已退款
ORD-35070,台北,滿千折兩百,552,網紅B,已完成
ORD-79252,高雄,網紅專屬九折,2168,網紅B,已完成
ORD-14327,台北,免運優惠,1182,無,已完成
ORD-87651,高雄,滿千折兩百,2249,無,已完成
ORD-83449,台北,無,2752,網紅B,已完成
ORD-94299,台北,滿千折兩百,1619,網紅B,已完成
ORD-45208,台中,無,646,網紅C,已完成
ORD-51070,桃園,網紅專屬九折,1644,網紅B,已完成
ORD-92166,台北,滿千折兩百,1753,網紅B,已完成
ORD-82121,台北,無,4206,無,已完成
ORD-67816,台北,滿千折兩百,3397,網紅A,已完成
ORD-27993,台北,無,3062,網紅B,已完成
ORD-27262,高雄,滿千折兩百,922,無,已完成
ORD-75463,桃園,網紅專屬九折,4904,無,已完成
ORD-93559,高雄,免運優惠,3160,網紅A,已完成
ORD-51375,台北,滿千折兩百,1082,網紅A,已完成
ORD-69661,台北,滿千折兩百,3553,網紅A,已完成
ORD-91837,台北,滿千折兩百,3687,網紅A,已完成
ORD-46845,桃園,無,3467,無,已完成
ORD-40665,台北,無,1675,無,已完成
ORD-11448,台南,網紅專屬九折,4339,網紅A,已完成
ORD-41592,台中,網紅專屬九折,2769,網紅B,已完成
ORD-74306,台中,網紅專屬九折,2664,網紅A,已完成
ORD-99021,高雄,滿千折兩百,702,網紅A,已完成
ORD-13679,台北,免運優惠,957,無,已完成
ORD-80927,台北,無,4330,網紅B,已完成
ORD-12879,台北,無,3738,網紅C,已完成
ORD-29813,台北,免運優惠,2307,網紅B,已完成
ORD-82801,高雄,網紅專屬九折,1961,網紅B,已完成
ORD-49256,台北,免運優惠,4826,無,已完成
ORD-42943,台中,滿千折兩百,3949,網紅B,已完成
ORD-44048,台北,滿千折兩百,3473,無,已完成
ORD-64225,台北,滿千折兩百,4102,網紅B,已完成
ORD-74121,台南,無,763,無,已完成
ORD-19188,台北,免運優惠,3980,網紅A,已完成
ORD-45925,台北,免運優惠,1776,無,已完成
ORD-37011,台中,網紅專屬九折,840,網紅A,已完成
ORD-71248,台北,無,1680,無,已完成
ORD-59538,台南,網紅專屬九折,4846,無,已完成
ORD-62640,台南,網紅專屬九折,2174,無,已完成
ORD-10476,台中,無,2130,網紅A,已完成
ORD-71741,台中,免運優惠,4142,網紅B,已完成
ORD-75681,台北,無,918,無,已完成
ORD-36132,台中,滿千折兩百,2982,網紅A,已完成
ORD-53519,台北,網紅專屬九折,4063,網紅B,已完成
ORD-19164,桃園,無,4521,網紅B,已完成
ORD-64846,台北,免運優惠,1075,無,已完成
ORD-57215,高雄,滿千折兩百,4644,無,已完成
ORD-89445,台南,滿千折兩百,4347,網紅A,已完成
ORD-42767,台中,免運優惠,914,無,已完成
ORD-78024,高雄,滿千折兩百,1401,網紅A,已完成
ORD-55474,台北,滿千折兩百,2346,網紅B,已完成
ORD-55414,台南,免運優惠,4793,網紅A,已完成
ORD-16686,台北,網紅專屬九折,1135,網紅B,已完成
ORD-96129,高雄,滿千折兩百,689,網紅B,已完成
ORD-81787,台中,網紅專屬九折,4283,網紅A,已完成
ORD-62353,台北,免運優惠,3005,網紅A,已完成
ORD-58305,台中,免運優惠,3918,網紅B,已完成
ORD-12154,台南,滿千折兩百,3297,網紅A,已完成
ORD-20740,台南,網紅專屬九折,4141,網紅C,已完成
ORD-17619,台南,網紅專屬九折,947,網紅A,已退款
ORD-88591,台北,免運優惠,2251,無,已完成
ORD-21784,台中,網紅專屬九折,2118,網紅A,已完成
ORD-28058,高雄,滿千折兩百,1879,網紅B,已完成
ORD-57182,台北,網紅專屬九折,1186,網紅A,已完成
ORD-66661,台北,免運優惠,2790,網紅B,已完成
ORD-15227,台北,網紅專屬九折,4858,無,已完成
ORD-53085,台北,滿千折兩百,1845,網紅B,已完成
ORD-98202,台北,無,4989,網紅C,已完成
ORD-26733,台北,滿千折兩百,4629,無,已完成
ORD-50747,台北,網紅專屬九折,1035,網紅B,已完成
ORD-74011,台北,滿千折兩百,4921,無,已完成
ORD-33258,台北,滿千折兩百,2332,網紅C,已完成
ORD-66018,台北,無,1470,網紅A,已完成
ORD-10716,台北,網紅專屬九折,2312,網紅B,已完成
ORD-50049,台北,免運優惠,2574,無,已完成
ORD-79043,桃園,滿千折兩百,827,無,已完成
ORD-75822,台北,免運優惠,3579,無,已完成
ORD-24444,台中,滿千折兩百,4578,網紅A,已完成
ORD-85024,高雄,無,3862,無,已完成
ORD-90423,台中,無,1056,網紅A,已完成
ORD-11173,台北,免運優惠,2894,網紅B,已退款
ORD-66646,台中,無,2023,網紅B,已完成
ORD-49330,台中,網紅專屬九折,3728,網紅B,已完成
ORD-38754,台北,網紅專屬九折,2646,網紅B,已完成
ORD-63548,台北,網紅專屬九折,3083,網紅B,已退款
ORD-40135,台北,滿千折兩百,2178,網紅B,已完成
ORD-31022,高雄,無,4391,網紅B,已完成
ORD-47969,台中,無,3013,無,已完成
ORD-48881,台中,無,1409,網紅B,已完成
ORD-58946,桃園,無,3868,網紅B,已退款
ORD-84097,桃園,免運優惠,4352,網紅B,已完成
ORD-80601,台南,滿千折兩百,1727,無,已完成
ORD-14706,高雄,網紅專屬九折,4533,網紅A,已完成
ORD-84529,桃園,免運優惠,4070,無,已完成
ORD-92642,高雄,滿千折兩百,4739,網紅B,已完成
ORD-36024,台北,網紅專屬九折,2548,網紅B,已完成
ORD-16942,高雄,網紅專屬九折,1279,網紅B,已完成
ORD-72628,台中,滿千折兩百,2044,無,已完成
ORD-21352,高雄,網紅專屬九折,1533,網紅B,已完成
ORD-79177,台南,免運優惠,2983,網紅B,已完成
ORD-21522,台北,網紅專屬九折,1546,網紅C,已完成
ORD-44717,桃園,網紅專屬九折,3119,無,已退款
ORD-35949,高雄,免運優惠,2659,網紅A,已完成
ORD-83844,台中,免運優惠,2639,無,已完成
ORD-45151,台中,網紅專屬九折,2191,網紅B,已完成
ORD-30530,台北,網紅專屬九折,1303,網紅B,已完成
ORD-72649,台中,網紅專屬九折,4529,網紅B,已完成
ORD-18192,台中,免運優惠,4626,無,已完成
ORD-79128,台北,網紅專屬九折,1131,無,已完成
ORD-85627,台中,滿千折兩百,3629,無,已完成
ORD-37458,台北,網紅專屬九折,2187,網紅A,已退款
ORD-27429,台北,無,3326,網紅B,已完成
ORD-60652,台北,無,2904,無,已完成
ORD-64844,台中,免運優惠,3384,網紅B,已完成
ORD-92862,桃園,免運優惠,3705,網紅C,已完成
ORD-82942,台南,網紅專屬九折,1787,網紅B,已完成
ORD-85620,台中,網紅專屬九折,1761,網紅C,已完成
ORD-91318,台北,免運優惠,4249,無,已完成
ORD-20144,台南,無,1935,無,已完成
ORD-44387,台南,網紅專屬九折,1797,無,已完成
ORD-59267,高雄,滿千折兩百,2662,網紅A,已完成
ORD-97698,台中,免運優惠,1645,網紅A,已完成
ORD-82498,桃園,免運優惠,4408,網紅B,已完成
ORD-65037,台北,免運優惠,3042,網紅B,已完成
ORD-14274,台中,免運優惠,4912,網紅A,已完成
ORD-75928,台中,無,961,網紅A,已完成
ORD-16237,台北,滿千折兩百,1992,無,已完成
ORD-64861,台南,無,998,網紅A,已完成
ORD-76085,台北,無,2596,無,已完成
ORD-78642,台北,網紅專屬九折,2106,無,已完成
ORD-15359,台南,網紅專屬九折,2945,網紅B,已完成
ORD-48649,台北,無,1914,網紅A,已退款
ORD-21912,高雄,無,3104,網紅B,已完成
ORD-99867,台中,免運優惠,3586,網紅C,已完成
ORD-38523,台北,網紅專屬九折,3694,無,已完成
ORD-42674,台南,滿千折兩百,700,網紅A,已完成
ORD-25975,高雄,滿千折兩百,751,無,已完成
ORD-28004,台中,滿千折兩百,2763,網紅B,已完成
ORD-51742,高雄,網紅專屬九折,1632,網紅A,已退款
ORD-64266,台北,網紅專屬九折,3002,網紅A,已完成
ORD-11142,台南,無,3748,網紅A,已完成
ORD-26292,台南,免運優惠,1243,網紅A,已退款
ORD-70675,台中,滿千折兩百,4636,網紅C,已完成
ORD-73902,台北,無,3315,無,已退款
ORD-23329,台中,無,706,網紅A,已完成
ORD-32729,台北,無,1795,網紅A,已退款
ORD-67014,台北,網紅專屬九折,2163,網紅B,已完成
ORD-46544,台北,免運優惠,3966,網紅A,已完成
ORD-94061,台北,免運優惠,3767,無,已退款
ORD-38254,台北,無,1024,無,已完成
ORD-57201,台北,無,1051,網紅B,已完成
ORD-40867,台北,無,4767,網紅A,已完成
ORD-65396,高雄,無,688,網紅A,已完成
ORD-22955,桃園,網紅專屬九折,667,網紅A,已完成
ORD-86325,台中,滿千折兩百,3832,網紅C,已完成
ORD-84711,台中,免運優惠,2919,無,已完成
ORD-33815,台北,無,3160,網紅C,已完成
ORD-85150,台中,網紅專屬九折,3792,網紅A,已退款
ORD-44543,台中,無,3045,網紅C,已完成
ORD-13412,台北,網紅專屬九折,2272,網紅C,已完成
ORD-71418,台中,無,1603,網紅A,已完成
ORD-34178,台中,滿千折兩百,2903,網紅B,已完成
ORD-23962,台北,網紅專屬九折,4995,網紅B,已完成
ORD-96504,桃園,無,1750,網紅A,已完成
ORD-73340,台中,無,2385,無,已完成
ORD-96167,台南,滿千折兩百,3661,無,已完成
ORD-58936,台中,無,518,網紅A,已完成
ORD-89069,台北,無,3864,網紅B,已完成
ORD-65525,高雄,滿千折兩百,4706,無,已完成
ORD-20315,台南,無,954,網紅B,已完成
ORD-77288,台中,網紅專屬九折,1332,網紅A,已完成
ORD-64676,台北,網紅專屬九折,1872,無,已完成
ORD-38521,台中,網紅專屬九折,1969,網紅B,已完成
ORD-87910,台南,免運優惠,2252,無,已完成
ORD-41217,桃園,免運優惠,1932,網紅A,已完成
ORD-43475,桃園,無,3629,網紅C,已退款
ORD-89746,台北,免運優惠,561,無,已完成
ORD-76996,台南,無,837,網紅A,已完成
ORD-47453,台南,免運優惠,1612,無,已完成
ORD-27280,桃園,免運優惠,1879,無,已完成
ORD-63672,台北,免運優惠,2883,網紅B,已完成
ORD-13376,台北,網紅專屬九折,1054,網紅C,已完成
ORD-66236,高雄,網紅專屬九折,996,網紅B,已完成
ORD-34446,台北,免運優惠,2369,網紅A,已完成
ORD-42523,台北,滿千折兩百,4785,無,已完成
ORD-45771,台中,無,1504,網紅B,已完成
ORD-97204,台中,滿千折兩百,4592,無,已完成
ORD-30728,桃園,免運優惠,1193,網紅B,已完成
ORD-99765,台北,滿千折兩百,4873,網紅B,已完成
ORD-35938,台中,無,4638,無,已完成
ORD-82881,台北,無,1033,無,已完成
ORD-14756,台北,網紅專屬九折,1308,網紅B,已完成
ORD-84225,台中,滿千折兩百,1022,網紅B,已完成
ORD-68981,台中,無,2599,無,已完成
ORD-63153,高雄,滿千折兩百,3013,網紅B,已完成
ORD-73541,台中,滿千折兩百,3216,網紅C,已退款
ORD-59333,高雄,無,583,網紅B,已完成
ORD-50451,桃園,無,759,網紅A,已完成
ORD-97529,高雄,滿千折兩百,1091,網紅C,已完成
ORD-98883,高雄,無,928,網紅C,已完成
ORD-68069,桃園,免運優惠,1238,無,已退款
ORD-58948,高雄,網紅專屬九折,3439,網紅A,已完成
ORD-47211,高雄,網紅專屬九折,2793,無,已完成
ORD-54410,台中,免運優惠,2756,網紅B,已完成
ORD-65634,高雄,免運優惠,3765,無,已完成
ORD-23624,台北,滿千折兩百,1668,無,已完成
ORD-70579,台北,免運優惠,924,無,已完成
ORD-20984,台南,免運優惠,1813,網紅B,已完成
ORD-74016,台北,無,3570,網紅A,已完成
ORD-28534,台北,無,2090,網紅A,已完成
ORD-81458,高雄,免運優惠,3578,網紅A,已完成
ORD-68141,台中,滿千折兩百,3322,無,已完成
ORD-86830,台中,網紅專屬九折,4665,網紅B,已完成
ORD-30429,台中,滿千折兩百,4201,網紅B,已完成
ORD-47492,台北,免運優惠,1303,網紅B,已完成
ORD-26090,台北,網紅專屬九折,1757,網紅B,已完成
ORD-67531,台北,網紅專屬九折,1112,網紅A,已完成
ORD-17799,桃園,滿千折兩百,2145,網紅A,已完成
ORD-97444,台北,滿千折兩百,1245,無,已完成
ORD-80737,台北,滿千折兩百,690,網紅B,已完成
ORD-16276,台北,免運優惠,1879,網紅B,已退款
ORD-91349,台北,滿千折兩百,4487,網紅A,已完成
ORD-67397,高雄,免運優惠,2336,網紅B,已完成
ORD-14665,台中,免運優惠,4287,無,已完成
ORD-31976,高雄,網紅專屬九折,3603,網紅C,已完成
ORD-43252,台北,無,1905,無,已完成
ORD-86992,高雄,無,3712,無,已完成
ORD-35943,桃園,免運優惠,1907,網紅A,已完成
ORD-41420,台北,免運優惠,2938,無,已完成
ORD-65636,高雄,網紅專屬九折,2604,無,已完成
ORD-35514,台中,滿千折兩百,1310,無,已完成
ORD-13229,台北,滿千折兩百,3034,無,已完成
ORD-93365,台北,免運優惠,4353,網紅B,已退款
ORD-63257,台北,免運優惠,4655,網紅B,已退款
ORD-82211,台北,滿千折兩百,2593,網紅C,已完成
ORD-59801,台中,免運優惠,4636,網紅A,已完成
ORD-49721,台北,免運優惠,3072,網紅A,已完成
ORD-74826,台北,免運優惠,3767,無,已完成
ORD-75476,台中,網紅專屬九折,1098,網紅B,已完成
ORD-83900,桃園,網紅專屬九折,2754,無,已完成
ORD-63988,台北,免運優惠,2985,網紅B,已完成
ORD-39749,台北,無,4945,網紅B,已完成
ORD-22786,桃園,網紅專屬九折,4211,網紅C,已完成
ORD-68135,高雄,網紅專屬九折,4221,網紅C,已完成
ORD-63109,台北,免運優惠,2556,網紅B,已完成
ORD-51235,台北,無,4635,網紅A,已完成
ORD-99907,台北,無,2658,無,已完成
ORD-98790,台北,免運優惠,2569,網紅C,已完成
ORD-40646,台南,無,639,無,已完成
ORD-34577,台北,無,632,網紅B,已完成
ORD-11866,台北,無,4072,網紅B,已完成
ORD-13137,台北,滿千折兩百,3534,網紅C,已退款
ORD-44279,台北,無,575,網紅C,已完成
ORD-26232,桃園,網紅專屬九折,2653,網紅B,已完成
ORD-60591,台南,滿千折兩百,3328,無,已完成
ORD-42847,台北,免運優惠,3973,網紅A,已完成
ORD-56824,高雄,免運優惠,644,無,已完成
ORD-58995,高雄,無,4738,網紅B,已完成
ORD-78681,台北,滿千折兩百,3820,網紅A,已完成
ORD-56183,台北,無,4469,網紅B,已完成
ORD-40555,桃園,免運優惠,3069,無,已完成
ORD-92996,台中,網紅專屬九折,4281,無,已完成
ORD-32054,高雄,免運優惠,1779,網紅B,已完成
ORD-34841,台中,網紅專屬九折,3138,網紅B,已完成
ORD-77350,台中,網紅專屬九折,1954,網紅A,已完成
ORD-68223,高雄,免運優惠,3098,網紅B,已完成
ORD-76870,台中,無,1509,無,已完成
ORD-65658,桃園,滿千折兩百,2066,網紅B,已完成
ORD-12956,台南,滿千折兩百,1000,網紅B,已完成
ORD-64996,高雄,網紅專屬九折,2721,網紅A,已完成
ORD-10482,台北,網紅專屬九折,1466,無,已完成
ORD-66460,台南,滿千折兩百,2144,網紅A,已完成
ORD-17874,台北,滿千折兩百,2410,網紅C,已完成
ORD-56471,台中,免運優惠,623,網紅A,已完成
ORD-47198,高雄,無,4837,無,已完成
ORD-35937,台中,免運優惠,4753,無,已完成
ORD-74943,台北,滿千折兩百,3399,無,已完成
ORD-32185,台中,滿千折兩百,1409,網紅A,已退款
ORD-52585,台南,免運優惠,953,網紅A,已完成
ORD-45582,台北,網紅專屬九折,2075,無,已完成
ORD-59291,桃園,網紅專屬九折,2103,網紅B,已完成
ORD-46099,台南,免運優惠,3383,網紅B,已完成
ORD-87587,台南,免運優惠,3710,無,已完成
ORD-77986,桃園,無,3341,網紅A,已退款
ORD-46576,桃園,無,2224,網紅A,已完成
ORD-26987,台北,免運優惠,576,網紅A,已完成
ORD-44453,台北,無,2442,無,已完成
ORD-88921,高雄,滿千折兩百,4961,無,已完成
ORD-18125,台北,滿千折兩百,619,無,已完成
ORD-53696,桃園,免運優惠,1260,網紅B,已完成
ORD-77289,桃園,滿千折兩百,3933,無,已完成
ORD-29677,台北,無,972,網紅C,已完成
ORD-12161,台中,滿千折兩百,4535,無,已完成
ORD-14512,台北,免運優惠,891,網紅B,已完成
ORD-52461,台南,網紅專屬九折,970,網紅B,已完成
ORD-32581,桃園,免運優惠,3449,無,已完成
ORD-84509,台中,網紅專屬九折,3617,網紅B,已完成
ORD-73597,台北,無,1026,無,已完成
ORD-13134,高雄,滿千折兩百,3563,網紅B,已完成
ORD-93504,台北,滿千折兩百,4926,網紅C,已完成
ORD-13260,高雄,滿千折兩百,790,無,已完成
ORD-78435,台中,無,2709,網紅B,已完成
ORD-27806,台南,滿千折兩百,4845,網紅B,已完成
ORD-39209,桃園,網紅專屬九折,4452,無,已完成
ORD-29690,桃園,網紅專屬九折,2873,網紅B,已完成
ORD-72364,台中,網紅專屬九折,2534,無,已完成
ORD-60713,高雄,滿千折兩百,1927,網紅A,已完成
ORD-53635,桃園,無,1426,網紅A,已完成
ORD-69464,台中,滿千折兩百,1801,網紅C,已完成
ORD-88986,桃園,無,559,無,已完成
ORD-83385,桃園,滿千折兩百,3982,網紅B,已完成
ORD-51703,台北,滿千折兩百,628,網紅B,已完成
ORD-99525,台北,網紅專屬九折,2124,網紅A,已完成
ORD-46016,桃園,滿千折兩百,547,網紅B,已完成
ORD-97530,高雄,網紅專屬九折,1608,無,已完成
ORD-86743,高雄,免運優惠,1361,網紅B,已完成
ORD-76434,桃園,滿千折兩百,859,網紅B,已完成
ORD-55068,台北,免運優惠,2514,網紅B,已完成
ORD-93222,台北,免運優惠,1751,網紅C,已完成
ORD-75270,台中,網紅專屬九折,3403,無,已完成
ORD-40592,台南,網紅專屬九折,1867,網紅B,已完成
ORD-29100,台中,滿千折兩百,3649,無,已完成
ORD-32470,台中,網紅專屬九折,4327,網紅B,已完成
ORD-41414,台北,免運優惠,675,網紅B,已完成
ORD-56226,台中,免運優惠,1772,網紅B,已完成
ORD-76391,高雄,無,4516,無,已完成
ORD-83937,台北,滿千折兩百,4124,網紅A,已完成
ORD-11965,台北,網紅專屬九折,2840,網紅B,已完成
ORD-71768,台南,滿千折兩百,3486,網紅C,已完成
ORD-68232,高雄,無,2871,無,已完成
ORD-55115,台北,無,2511,網紅A,已退款
ORD-11575,台北,無,4759,無,已完成
ORD-73681,台北,無,2931,網紅A,已完成
ORD-66742,台北,無,3084,網紅B,已完成
ORD-67846,台北,網紅專屬九折,1062,網紅A,已完成
ORD-15445,台北,免運優惠,2658,網紅B,已完成
ORD-74769,台北,滿千折兩百,3778,網紅B,已退款
ORD-27475,台中,免運優惠,1637,網紅B,已完成
ORD-22184,台北,免運優惠,1880,無,已完成
ORD-18713,台中,免運優惠,804,無,已完成
ORD-24924,高雄,無,2596,無,已完成
ORD-48109,台北,網紅專屬九折,1754,網紅C,已完成
ORD-68695,台北,滿千折兩百,2664,無,已完成
ORD-89050,台中,滿千折兩百,757,無,已完成
ORD-30676,桃園,無,4829,網紅A,已完成
ORD-20452,台中,網紅專屬九折,504,無,已退款
ORD-43549,台北,網紅專屬九折,2504,網紅C,已完成
ORD-16746,台中,免運優惠,1955,無,已完成
ORD-41267,高雄,無,2146,無,已完成
ORD-10671,高雄,免運優惠,1382,網紅B,已完成
ORD-47500,桃園,免運優惠,3700,無,已完成
ORD-90178,台中,無,3757,網紅B,已完成
ORD-59900,台北,滿千折兩百,4091,網紅B,已完成
ORD-21347,高雄,網紅專屬九折,4152,網紅A,已完成
ORD-59021,台北,無,4231,網紅A,已完成
ORD-87429,台中,無,576,網紅B,已完成
ORD-13807,台北,網紅專屬九折,3786,網紅B,已完成
ORD-29344,台北,滿千折兩百,567,無,已完成
ORD-26995,桃園,滿千折兩百,2538,網紅B,已完成
ORD-96983,高雄,無,4601,網紅A,已完成
ORD-16151,桃園,網紅專屬九折,1709,網紅C,已完成
ORD-34307,台中,滿千折兩百,4127,無,已完成
ORD-66009,高雄,網紅專屬九折,1718,無,已完成
ORD-70872,台北,無,1612,無,已完成
ORD-85611,台中,無,3234,網紅B,已完成
ORD-75161,台北,免運優惠,4063,網紅B,已完成
ORD-70729,台中,滿千折兩百,1214,無,已完成
ORD-68305,高雄,網紅專屬九折,3008,網紅B,已完成
ORD-68739,台北,滿千折兩百,4006,無,已完成
ORD-45374,台北,滿千折兩百,4302,網紅B,已完成
ORD-41489,台中,網紅專屬九折,4318,網紅B,已完成
ORD-72806,桃園,網紅專屬九折,3026,網紅A,已完成
ORD-55701,高雄,無,3848,網紅C,已完成
ORD-17166,桃園,免運優惠,3058,無,已完成
ORD-45345,台北,滿千折兩百,3059,網紅B,已完成
ORD-96796,桃園,滿千折兩百,3924,無,已完成
ORD-47617,高雄,無,3334,網紅B,已完成
ORD-80687,台中,無,1997,無,已完成
ORD-70172,台北,無,2344,網紅B,已完成
ORD-80941,台北,滿千折兩百,2525,網紅A,已完成
ORD-37649,台北,免運優惠,853,無,已完成
ORD-95794,高雄,無,1266,無,已完成
ORD-16405,台北,滿千折兩百,4601,無,已完成
ORD-65799,台南,滿千折兩百,1532,無,已完成
ORD-27530,高雄,無,3090,無,已完成
ORD-71213,台北,滿千折兩百,2727,網紅A,已完成
ORD-14510,高雄,免運優惠,1375,網紅A,已完成
ORD-30897,高雄,無,4037,網紅A,已完成
ORD-68885,高雄,網紅專屬九折,1884,無,已完成
ORD-67083,高雄,無,847,無,已完成
ORD-73920,桃園,免運優惠,4460,無,已完成
ORD-94596,台南,無,1000,網紅C,已完成
ORD-57774,台中,網紅專屬九折,2078,無,已完成
ORD-73104,台中,免運優惠,3450,網紅B,已完成
ORD-79133,台北,滿千折兩百,3012,無,已完成
ORD-39907,台北,免運優惠,3778,網紅B,已完成
ORD-46036,桃園,網紅專屬九折,4962,網紅C,已完成
ORD-93485,台南,免運優惠,2690,無,已完成
ORD-37879,台北,無,1089,網紅B,已完成
ORD-91493,台北,滿千折兩百,1819,無,已完成
ORD-46446,台北,網紅專屬九折,1280,無,已完成
ORD-15362,高雄,無,3518,網紅A,已完成
ORD-71636,台北,免運優惠,2681,網紅B,已完成
ORD-75840,高雄,網紅專屬九折,3937,網紅A,已完成
ORD-67947,桃園,無,551,無,已完成
ORD-83009,台中,滿千折兩百,3515,網紅C,已完成
ORD-52504,高雄,免運優惠,4514,網紅A,已完成
ORD-11790,台中,無,3814,網紅A,已完成
ORD-59159,高雄,免運優惠,2950,網紅A,已完成
ORD-87426,台南,網紅專屬九折,3224,網紅A,已完成
ORD-46851,台北,網紅專屬九折,2425,無,已完成
ORD-80476,台南,無,4768,網紅B,已完成
ORD-36972,台中,網紅專屬九折,2419,無,已完成
ORD-11468,台南,免運優惠,2155,網紅A,已完成
ORD-63543,桃園,滿千折兩百,3462,網紅B,已完成
ORD-37945,台北,網紅專屬九折,2176,無,已完成
ORD-24896,台北,滿千折兩百,1771,網紅A,已完成
ORD-50824,台北,滿千折兩百,3805,無,已完成
ORD-61423,台北,無,1026,網紅C,已完成
ORD-69907,台北,無,1353,網紅A,已完成
ORD-67676,桃園,無,4002,無,已完成
ORD-79787,高雄,免運優惠,3182,網紅B,已完成
ORD-46422,台北,無,4764,網紅A,已完成
ORD-17251,台北,網紅專屬九折,3803,無,已完成
ORD-33223,桃園,網紅專屬九折,2998,網紅B,已完成
ORD-96001,台中,無,2994,無,已完成
ORD-80873,桃園,免運優惠,3133,無,已完成
ORD-98957,台南,無,4283,網紅B,已完成
ORD-12903,台南,滿千折兩百,4231,網紅B,已完成
ORD-25913,桃園,滿千折兩百,2571,網紅A,已完成
ORD-91598,桃園,滿千折兩百,2720,網紅B,已完成
ORD-79065,台北,免運優惠,1166,網紅B,已完成
ORD-56180,台北,網紅專屬九折,4242,無,已完成
ORD-26479,台北,網紅專屬九折,3835,網紅C,已完成
ORD-56813,台南,免運優惠,4860,網紅C,已完成
ORD-69309,台北,無,2693,網紅B,已完成
ORD-55760,台北,滿千折兩百,2712,無,已完成
ORD-17359,高雄,免運優惠,3997,網紅B,已完成
ORD-66390,台北,無,2481,無,已完成
ORD-93297,台北,滿千折兩百,1099,網紅B,已完成
ORD-99651,台南,滿千折兩百,2193,網紅C,已完成
ORD-73862,台中,網紅專屬九折,4165,網紅B,已完成
ORD-56603,高雄,滿千折兩百,2283,網紅B,已完成
ORD-60544,台北,網紅專屬九折,1159,無,已完成
ORD-46611,台北,網紅專屬九折,3800,網紅B,已退款
ORD-23781,台北,免運優惠,4832,網紅B,已完成
ORD-77484,台南,無,1558,無,已完成
ORD-23245,台北,免運優惠,1923,無,已完成
ORD-29864,台北,無,4888,網紅B,已完成
ORD-71869,台北,網紅專屬九折,2834,網紅B,已完成
ORD-92529,台北,無,1297,網紅C,已完成
ORD-30606,台中,滿千折兩百,577,無,已完成
ORD-92932,高雄,網紅專屬九折,1804,網紅B,已完成
ORD-46225,台中,免運優惠,4984,網紅A,已完成
ORD-45874,高雄,網紅專屬九折,4263,網紅A,已完成
ORD-31780,台北,免運優惠,3021,無,已完成
ORD-74154,台北,無,3745,無,已完成
ORD-46613,台中,免運優惠,2949,網紅B,已完成
ORD-68781,台中,網紅專屬九折,1454,無,已完成
ORD-81530,台北,滿千折兩百,4465,網紅B,已完成
ORD-14990,台北,無,967,無,已完成
ORD-10449,台北,免運優惠,3257,無,已完成
ORD-89477,台南,無,1252,無,已完成
ORD-45888,台北,免運優惠,1706,無,已完成
ORD-17221,台北,無,2478,無,已完成
ORD-79230,台北,網紅專屬九折,4713,網紅B,已完成
ORD-86634,台南,網紅專屬九折,4623,網紅A,已完成
ORD-22718,台北,免運優惠,2856,無,已完成
ORD-23112,台南,網紅專屬九折,4556,網紅A,已完成
ORD-60533,桃園,無,1683,無,已完成
ORD-57254,桃園,滿千折兩百,2613,網紅C,已完成
ORD-19068,台北,網紅專屬九折,3510,網紅A,已完成
ORD-49594,台中,滿千折兩百,1563,網紅B,已完成
ORD-10174,台中,網紅專屬九折,4956,網紅A,已完成
ORD-78934,高雄,免運優惠,2858,網紅A,已完成
ORD-49905,台北,無,2848,無,已完成
ORD-94230,桃園,免運優惠,3342,網紅B,已完成
ORD-97370,高雄,免運優惠,4401,無,已完成
ORD-16476,高雄,免運優惠,4480,無,已完成
ORD-31191,台北,滿千折兩百,3795,網紅B,已完成
ORD-34728,台北,網紅專屬九折,2354,網紅B,已完成
ORD-19097,台南,網紅專屬九折,1480,無,已完成
ORD-25152,台北,滿千折兩百,2618,無,已完成
ORD-83166,台北,滿千折兩百,3608,網紅B,已完成
ORD-39727,台中,滿千折兩百,4854,無,已完成
ORD-63973,台南,滿千折兩百,2327,無,已完成
ORD-63860,高雄,免運優惠,687,無,已完成
ORD-33081,台北,免運優惠,935,網紅B,已完成
ORD-91277,台中,無,3068,無,已完成
ORD-76795,高雄,免運優惠,4888,網紅B,已完成
ORD-11044,台北,網紅專屬九折,1117,無,已完成
ORD-67577,高雄,滿千折兩百,2082,無,已完成
ORD-95330,台北,網紅專屬九折,557,網紅C,已完成
ORD-38971,台北,免運優惠,1212,無,已完成
ORD-16458,台北,滿千折兩百,2960,網紅A,已完成
ORD-77016,台北,網紅專屬九折,1169,無,已完成
ORD-56567,台中,網紅專屬九折,2424,網紅B,已完成
ORD-38476,台中,滿千折兩百,2408,無,已完成
ORD-37010,台北,免運優惠,2184,網紅B,已完成
ORD-81633,桃園,網紅專屬九折,2498,網紅C,已完成
ORD-84480,桃園,滿千折兩百,3988,網紅A,已完成
ORD-87364,台北,滿千折兩百,698,無,已完成
ORD-54267,台中,滿千折兩百,3696,無,已完成
ORD-66094,台中,無,4904,無,已完成
ORD-64619,台北,無,1255,無,已完成
ORD-67153,台北,免運優惠,3204,網紅B,已完成
ORD-76805,台北,無,1969,網紅B,已完成
ORD-67579,台中,無,3764,無,已完成
ORD-62624,台北,網紅專屬九折,2424,網紅B,已完成
ORD-21186,台北,無,1092,網紅B,已完成
ORD-29516,台北,免運優惠,3223,無,已完成
ORD-74437,台南,滿千折兩百,2410,無,已完成
ORD-77750,桃園,滿千折兩百,664,網紅B,已完成
ORD-65111,台中,無,4808,網紅B,已完成
ORD-65816,台中,無,1858,網紅A,已完成
ORD-81564,高雄,無,527,無,已完成
ORD-69936,桃園,免運優惠,1783,無,已完成
ORD-30078,台北,免運優惠,2571,網紅A,已完成
ORD-22331,台中,無,1346,網紅B,已完成
ORD-55264,桃園,滿千折兩百,998,無,已完成
ORD-70943,台中,網紅專屬九折,4107,無,已完成
ORD-42655,桃園,免運優惠,508,網紅C,已完成
ORD-17298,台北,網紅專屬九折,4962,網紅C,已完成
ORD-15126,高雄,無,2355,無,已完成
ORD-11274,台南,免運優惠,2153,無,已完成
ORD-59655,台南,無,4839,無,已完成
ORD-27437,台南,滿千折兩百,2962,網紅A,已完成
ORD-55560,台北,免運優惠,3935,網紅B,已完成
ORD-38184,高雄,免運優惠,732,網紅A,已完成
ORD-69624,高雄,無,1753,網紅A,已完成
ORD-93011,台中,免運優惠,2955,無,已完成
ORD-14005,台中,無,661,無,已完成
ORD-83286,高雄,滿千折兩百,4843,網紅B,已完成
ORD-60576,台北,滿千折兩百,3571,網紅B,已完成
ORD-39371,台南,滿千折兩百,1318,無,已完成
ORD-54401,高雄,滿千折兩百,3559,網紅A,已完成
ORD-17169,高雄,無,3377,網紅B,已完成
ORD-68286,台北,無,3409,無,已完成
ORD-90797,桃園,網紅專屬九折,4026,網紅A,已完成
ORD-29604,高雄,免運優惠,3214,網紅B,已完成
ORD-48473,台北,免運優惠,857,無,已完成
ORD-72550,台北,無,2906,網紅A,已完成
ORD-70352,台北,免運優惠,1897,無,已完成
ORD-60251,台中,免運優惠,1104,網紅B,已完成
ORD-37028,台北,免運優惠,959,網紅C,已完成
ORD-13181,台南,無,1236,網紅C,已完成
ORD-70211,台北,網紅專屬九折,1137,網紅B,已完成
ORD-47496,桃園,免運優惠,3149,網紅B,已完成
ORD-73147,桃園,網紅專屬九折,4559,網紅A,已完成
ORD-55721,高雄,免運優惠,2855,網紅B,已完成
ORD-52827,台中,滿千折兩百,4995,無,已退款
ORD-96349,桃園,免運優惠,2388,網紅B,已完成
ORD-82875,台中,無,1881,網紅B,已完成
ORD-34542,桃園,網紅專屬九折,4235,網紅C,已完成
ORD-66862,台北,網紅專屬九折,829,無,已完成
ORD-39412,台南,網紅專屬九折,2649,網紅B,已完成
ORD-11174,桃園,滿千折兩百,3991,無,已完成
ORD-25785,台北,無,1784,網紅A,已完成
ORD-49783,台中,免運優惠,2897,無,已退款
ORD-80058,台北,免運優惠,1567,網紅A,已完成
ORD-57864,桃園,無,1689,無,已完成
ORD-88018,台中,滿千折兩百,4818,網紅B,已完成
ORD-45922,高雄,滿千折兩百,2065,網紅B,已完成
ORD-71048,台南,滿千折兩百,1495,網紅B,已完成
ORD-38012,台北,免運優惠,3578,網紅B,已完成
ORD-52978,高雄,免運優惠,1885,網紅C,已完成
ORD-19100,台北,滿千折兩百,1677,網紅B,已完成
ORD-63947,台北,滿千折兩百,2617,無,已完成
ORD-49032,高雄,滿千折兩百,1682,無,已完成
ORD-10819,台中,無,1006,網紅B,已完成
ORD-82309,桃園,網紅專屬九折,3493,無,已完成
ORD-87442,台中,無,4569,網紅B,已完成
ORD-99351,高雄,滿千折兩百,1702,網紅A,已完成
ORD-45082,台中,無,572,無,已完成
ORD-77713,台中,免運優惠,4071,無,已完成
ORD-60071,台中,免運優惠,3873,網紅B,已完成
ORD-99414,高雄,滿千折兩百,3945,無,已完成
ORD-21897,台北,無,2322,無,已完成
ORD-83315,台北,網紅專屬九折,2004,網紅A,已完成
ORD-32768,台中,無,1047,網紅A,已完成
ORD-60854,台北,無,2860,網紅B,已完成
ORD-92948,高雄,滿千折兩百,3860,網紅A,已完成
ORD-96963,台中,無,4570,網紅A,已完成
ORD-74573,台中,免運優惠,684,網紅A,已完成
ORD-79445,台南,滿千折兩百,4334,無,已完成
ORD-98495,台北,無,4930,無,已完成
ORD-77221,台北,無,2450,網紅A,已完成
ORD-53563,台北,滿千折兩百,2167,無,已完成
ORD-29647,台北,網紅專屬九折,2230,無,已完成
ORD-70636,台中,免運優惠,3569,無,已完成
ORD-68227,台南,無,3909,網紅B,已完成
ORD-79499,高雄,滿千折兩百,1638,網紅A,已完成
ORD-61517,台中,網紅專屬九折,1650,網紅B,已完成
ORD-12032,高雄,滿千折兩百,3811,網紅A,已完成
ORD-92943,台北,滿千折兩百,2576,無,已完成
ORD-22503,台北,免運優惠,516,無,已完成
ORD-25832,台中,滿千折兩百,3729,網紅B,已完成
ORD-80956,台北,無,900,網紅C,已退款
ORD-66468,台中,無,3789,網紅A,已完成
ORD-59639,台中,無,3562,網紅C,已完成
ORD-44796,台北,無,4046,網紅C,已完成
ORD-51959,高雄,免運優惠,3659,網紅B,已完成
ORD-77676,台南,免運優惠,872,網紅B,已完成
ORD-25394,桃園,滿千折兩百,4272,網紅A,已完成
ORD-63800,台中,無,1492,無,已完成
ORD-57980,台南,無,1125,網紅A,已完成
ORD-53768,台中,網紅專屬九折,3184,無,已完成
ORD-11295,桃園,免運優惠,3332,網紅A,已完成
ORD-80439,台北,滿千折兩百,4017,無,已完成
ORD-67065,台北,網紅專屬九折,4481,網紅B,已完成
ORD-13123,台中,無,4819,無,已退款
ORD-54119,台北,滿千折兩百,1113,無,已完成
ORD-56599,台南,免運優惠,1493,無,已完成
ORD-93553,台北,免運優惠,4078,網紅B,已完成
ORD-36551,台北,免運優惠,2446,網紅A,已完成
ORD-61969,高雄,網紅專屬九折,4369,網紅B,已完成
ORD-17592,桃園,網紅專屬九折,3655,網紅A,已完成
ORD-35457,台南,網紅專屬九折,1801,無,已完成
ORD-26858,台中,無,3708,網紅B,已完成
ORD-72232,台中,無,2770,網紅B,已完成
ORD-18693,台中,網紅專屬九折,1097,網紅A,已完成
ORD-31634,台北,滿千折兩百,2814,網紅A,已完成
ORD-47820,台北,免運優惠,567,無,已完成
ORD-20068,台北,滿千折兩百,2039,網紅B,已完成
ORD-60987,高雄,無,1861,無,已完成
ORD-38898,台北,網紅專屬九折,1556,無,已完成
ORD-68159,台北,滿千折兩百,1547,網紅B,已完成
ORD-85616,高雄,滿千折兩百,4970,網紅A,已完成
ORD-86281,桃園,滿千折兩百,1988,網紅A,已完成
ORD-66084,台北,網紅專屬九折,3542,無,已完成
ORD-85023,台中,免運優惠,1110,無,已完成
ORD-90498,台北,免運優惠,956,網紅B,已完成
ORD-25913,高雄,滿千折兩百,732,網紅B,已完成
ORD-16929,台中,網紅專屬九折,1296,網紅A,已完成
ORD-13548,台中,滿千折兩百,2914,無,已完成
ORD-11009,台北,網紅專屬九折,2741,網紅B,已完成
ORD-50155,高雄,滿千折兩百,1912,網紅A,已完成
ORD-77440,台南,無,558,無,已完成
ORD-61428,台中,免運優惠,3544,無,已完成
ORD-23296,台中,滿千折兩百,2464,網紅B,已完成
ORD-59486,台北,滿千折兩百,4383,網紅A,已完成
ORD-36134,高雄,滿千折兩百,603,網紅B,已完成
ORD-78774,台北,滿千折兩百,4701,網紅A,已完成
ORD-45219,桃園,滿千折兩百,545,無,已完成
ORD-72099,高雄,網紅專屬九折,2884,無,已完成
ORD-85658,桃園,滿千折兩百,2194,無,已完成
ORD-98144,桃園,免運優惠,772,無,已完成
ORD-69102,台中,無,3677,無,已完成
ORD-78336,高雄,無,2590,網紅B,已完成
ORD-81856,台中,免運優惠,1920,網紅B,已完成
ORD-81981,桃園,滿千折兩百,2858,網紅A,已完成
ORD-97929,台中,免運優惠,1019,網紅B,已完成
ORD-76227,台中,無,1532,無,已完成
ORD-49161,高雄,網紅專屬九折,1428,無,已完成
ORD-36719,台北,無,2724,無,已完成
ORD-65451,桃園,網紅專屬九折,1788,網紅A,已完成
ORD-14503,台北,滿千折兩百,1830,無,已完成
ORD-56968,台北,免運優惠,4629,網紅B,已完成
ORD-19784,台中,無,1051,網紅B,已完成
ORD-18380,高雄,網紅專屬九折,2762,無,已完成
ORD-14990,台南,網紅專屬九折,4040,網紅B,已完成
ORD-83070,台南,免運優惠,3141,網紅B,已完成
ORD-40154,台北,網紅專屬九折,2623,網紅B,已完成
ORD-18996,台中,滿千折兩百,4163,無,已完成
ORD-40871,台北,免運優惠,800,無,已完成
ORD-21384,台北,滿千折兩百,2613,網紅B,已完成
ORD-32220,桃園,免運優惠,3118,無,已完成
ORD-29865,台北,滿千折兩百,3129,無,已完成
ORD-12121,台南,滿千折兩百,4372,網紅B,已退款
ORD-79404,桃園,無,991,無,已完成
ORD-28091,台北,無,4038,網紅A,已完成
ORD-81107,台中,網紅專屬九折,2649,無,已完成
ORD-25254,台北,免運優惠,1774,網紅A,已完成
ORD-75121,台中,無,573,網紅B,已完成
ORD-31152,桃園,免運優惠,1097,網紅B,已完成
ORD-63752,台北,網紅專屬九折,4225,無,已完成
ORD-78135,台中,免運優惠,4899,無,已完成
ORD-96771,台南,滿千折兩百,3265,網紅A,已完成
ORD-46083,台北,無,1537,無,已完成
ORD-99373,台北,網紅專屬九折,3699,無,已完成
ORD-43268,台南,無,4845,網紅A,已完成
ORD-32743,台北,免運優惠,1209,網紅B,已完成
ORD-30182,台中,網紅專屬九折,2265,網紅B,已完成
ORD-46734,台北,免運優惠,3780,網紅B,已完成
ORD-62102,高雄,網紅專屬九折,646,無,已完成
ORD-41220,台中,滿千折兩百,3568,網紅B,已完成
ORD-65042,台中,網紅專屬九折,3851,網紅A,已完成
ORD-52742,台北,滿千折兩百,2390,網紅B,已完成
ORD-81879,桃園,網紅專屬九折,2166,網紅C,已完成
ORD-63545,高雄,滿千折兩百,617,網紅B,已完成
ORD-70009,高雄,免運優惠,2662,無,已完成
ORD-27290,台北,無,2245,無,已退款
ORD-35910,桃園,免運優惠,2481,網紅B,已完成
ORD-11781,台中,免運優惠,4364,無,已完成
ORD-29373,桃園,網紅專屬九折,1149,網紅C,已完成
ORD-26669,台北,滿千折兩百,1606,無,已完成
ORD-18640,台北,滿千折兩百,595,無,已完成
ORD-79040,台南,滿千折兩百,4790,無,已完成
ORD-75086,高雄,網紅專屬九折,2892,網紅A,已完成
ORD-10918,桃園,網紅專屬九折,2197,網紅A,已完成
ORD-68263,桃園,無,2357,無,已完成
ORD-84903,桃園,免運優惠,3457,網紅B,已完成
ORD-46292,台北,滿千折兩百,1508,網紅B,已完成
ORD-62839,台北,免運優惠,2475,無,已完成
ORD-92201,台中,免運優惠,2930,網紅A,已完成
ORD-61602,台北,滿千折兩百,2132,網紅A,已完成
ORD-49097,桃園,無,3026,網紅A,已完成
ORD-26411,台北,滿千折兩百,4877,無,已完成
ORD-12737,高雄,無,2504,網紅B,已完成
ORD-30674,台中,網紅專屬九折,4206,網紅B,已完成
ORD-83446,台中,滿千折兩百,4160,網紅A,已完成
ORD-76232,台北,無,2061,網紅C,已完成
ORD-57983,台北,無,3748,網紅B,已完成
ORD-22117,台北,網紅專屬九折,4816,網紅B,已完成
ORD-89656,台南,無,1811,無,已完成
ORD-19268,台北,無,3455,無,已完成
ORD-79106,台中,滿千折兩百,3442,無,已完成
ORD-63852,台北,無,4898,網紅A,已完成
ORD-16304,台中,滿千折兩百,876,無,已完成
ORD-67851,台北,無,1815,網紅A,已完成
ORD-41199,台北,滿千折兩百,3886,網紅B,已完成
ORD-46805,台北,無,2965,網紅B,已完成
ORD-14560,桃園,免運優惠,3709,無,已完成
ORD-18533,台北,免運優惠,860,網紅A,已完成
ORD-41397,高雄,滿千折兩百,770,網紅B,已完成
ORD-67304,台北,網紅專屬九折,4834,無,已完成
ORD-90608,高雄,網紅專屬九折,2843,無,已完成
ORD-92192,台南,無,4026,無,已完成
ORD-58230,台中,免運優惠,4780,無,已完成
ORD-35278,高雄,免運優惠,1024,網紅B,已完成
ORD-74678,台北,網紅專屬九折,1906,網紅B,已完成
ORD-78968,台北,無,2528,網紅A,已完成
ORD-20222,台北,網紅專屬九折,1433,網紅A,已完成
ORD-58218,台北,無,1167,網紅A,已完成
ORD-76278,高雄,滿千折兩百,2228,無,已完成
ORD-47495,台北,無,801,無,已完成
ORD-87976,台中,免運優惠,3395,無,已完成
ORD-56318,台中,免運優惠,1090,網紅C,已完成
ORD-90999,台北,無,3774,網紅B,已完成
ORD-48776,台北,無,4286,網紅A,已完成
ORD-58276,台中,無,4398,無,已完成
ORD-81481,桃園,無,4681,無,已完成
ORD-83091,高雄,網紅專屬九折,1202,網紅A,已完成
ORD-74665,台中,無,4774,網紅A,已完成
ORD-34489,高雄,網紅專屬九折,3712,無,已退款
ORD-87755,台中,網紅專屬九折,4107,網紅B,已完成
ORD-40786,台中,無,3888,網紅C,已完成
ORD-42172,台北,免運優惠,2516,網紅A,已完成
ORD-43092,台北,滿千折兩百,2814,網紅A,已退款
ORD-45882,台中,滿千折兩百,3677,網紅A,已完成
ORD-38087,台中,免運優惠,536,網紅A,已完成
ORD-59419,台北,網紅專屬九折,3935,網紅B,已完成
ORD-10641,台北,無,3189,無,已完成
ORD-20558,桃園,網紅專屬九折,4369,網紅B,已完成
ORD-50604,高雄,無,4753,網紅A,已完成
ORD-51364,高雄,滿千折兩百,2377,無,已完成
ORD-63475,高雄,無,900,無,已完成
ORD-53617,台北,免運優惠,1080,網紅A,已完成
ORD-92078,台南,免運優惠,1490,無,已完成
ORD-44904,台北,免運優惠,3366,網紅B,已完成
ORD-53820,高雄,無,3356,無,已完成
ORD-52626,台北,免運優惠,2321,網紅A,已完成
ORD-77418,台北,網紅專屬九折,2848,無,已完成
ORD-75587,台中,滿千折兩百,1518,無,已完成
ORD-60028,高雄,滿千折兩百,2881,網紅A,已完成
ORD-61287,高雄,免運優惠,2169,網紅A,已完成
ORD-71780,台北,網紅專屬九折,2527,網紅A,已完成
ORD-77128,桃園,免運優惠,3410,網紅A,已完成
ORD-29842,台北,滿千折兩百,3463,網紅A,已完成
ORD-97030,台南,滿千折兩百,4657,網紅A,已完成
ORD-20568,台北,免運優惠,2905,無,已完成
ORD-43732,高雄,網紅專屬九折,2873,網紅A,已完成
ORD-54483,桃園,滿千折兩百,2087,網紅B,已完成
ORD-13622,台北,無,2987,無,已完成
ORD-86634,台北,滿千折兩百,3323,網紅A,已完成
ORD-39192,台北,網紅專屬九折,2577,無,已完成
ORD-72735,台南,網紅專屬九折,3088,網紅C,已完成
ORD-57986,台中,無,1786,無,已完成
ORD-61765,高雄,滿千折兩百,764,無,已完成
ORD-33827,台中,網紅專屬九折,3681,網紅A,已完成
ORD-94257,台北,免運優惠,4688,無,已退款
ORD-29199,高雄,網紅專屬九折,2095,網紅B,已完成
ORD-51211,台南,滿千折兩百,4474,無,已完成
ORD-30738,台北,免運優惠,3347,網紅B,已完成
ORD-86604,高雄,滿千折兩百,2385,網紅B,已完成
ORD-23900,高雄,滿千折兩百,1883,無,已完成
ORD-49045,台中,無,3327,網紅B,已完成
ORD-95281,台北,免運優惠,3918,網紅A,已完成
ORD-38129,台北,無,4773,網紅B,已完成
ORD-74156,台中,無,829,無,已完成
ORD-24140,台南,免運優惠,3030,無,已退款
ORD-81294,高雄,網紅專屬九折,3060,無,已完成
ORD-11905,台北,網紅專屬九折,1787,網紅C,已完成
ORD-62660,台北,免運優惠,4489,網紅A,已完成
ORD-88992,桃園,無,4640,無,已退款
ORD-80127,桃園,網紅專屬九折,3064,無,已完成
ORD-47520,台北,免運優惠,4791,網紅B,已完成
ORD-67223,桃園,網紅專屬九折,3084,網紅A,已完成
ORD-56709,台北,無,3888,網紅B,已完成
ORD-81982,台中,網紅專屬九折,1098,無,已完成
ORD-34199,台南,免運優惠,857,無,已完成
ORD-81513,台中,免運優惠,956,網紅A,已完成
ORD-29871,台中,無,931,無,已完成
ORD-20299,台中,無,1347,無,已完成
ORD-67037,台南,免運優惠,1569,網紅B,已完成
ORD-55760,台北,無,819,網紅A,已完成
ORD-95740,高雄,網紅專屬九折,4643,網紅A,已完成
ORD-98349,台中,免運優惠,1337,網紅A,已退款
ORD-59185,台中,無,2844,無,已完成
ORD-78785,台中,免運優惠,2959,無,已完成
ORD-43745,台南,免運優惠,1909,網紅A,已完成
ORD-60675,台北,無,4393,網紅B,已完成
ORD-80190,台中,滿千折兩百,4585,無,已完成
ORD-11501,台中,無,3584,網紅B,已完成
ORD-24927,台中,無,3550,無,已完成
ORD-57405,台中,滿千折兩百,3985,網紅B,已退款
ORD-95010,台中,網紅專屬九折,698,網紅B,已退款
ORD-38782,台北,免運優惠,3279,網紅B,已完成
ORD-84973,台北,網紅專屬九折,3935,網紅B,已完成
ORD-92383,桃園,網紅專屬九折,830,無,已完成
ORD-78047,高雄,無,1412,網紅A,已完成
ORD-51341,台北,無,3594,無,已完成
ORD-30989,台北,滿千折兩百,4535,無,已完成
ORD-53706,台北,滿千折兩百,1771,網紅B,已完成
ORD-88345,高雄,滿千折兩百,652,網紅C,已完成
ORD-84959,台北,網紅專屬九折,3061,網紅C,已完成
ORD-53334,高雄,網紅專屬九折,3050,無,已退款
ORD-67580,台北,網紅專屬九折,578,網紅A,已完成
ORD-70694,台北,無,4251,網紅A,已完成
ORD-37950,桃園,無,2202,無,已完成
ORD-50388,高雄,免運優惠,3369,網紅A,已完成
ORD-64916,高雄,無,2928,網紅B,已完成
ORD-58929,台北,無,3688,網紅A,已完成
ORD-39447,台中,免運優惠,1751,網紅B,已完成
ORD-98740,高雄,網紅專屬九折,2427,無,已完成
ORD-80444,台中,無,3385,網紅A,已退款
ORD-95647,台北,免運優惠,4226,網紅B,已完成
ORD-99995,台南,無,1854,無,已完成
ORD-21107,台南,滿千折兩百,3744,網紅B,已完成
ORD-73394,台北,無,2835,網紅A,已完成
ORD-81962,台北,免運優惠,1382,無,已完成
ORD-73768,高雄,免運優惠,2719,無,已完成
ORD-97920,台南,網紅專屬九折,4960,網紅B,已完成
ORD-59237,台中,免運優惠,4325,無,已完成
ORD-85787,高雄,網紅專屬九折,2571,無,已完成
ORD-94742,台中,無,1182,網紅B,已完成
ORD-57398,高雄,免運優惠,1188,網紅B,已完成
ORD-82328,高雄,網紅專屬九折,4677,網紅A,已完成
ORD-74281,台中,滿千折兩百,1023,網紅C,已完成
ORD-21913,台中,網紅專屬九折,4147,無,已完成
ORD-73667,台北,滿千折兩百,666,網紅C,已完成
ORD-42383,台中,網紅專屬九折,3218,網紅A,已完成
ORD-18213,桃園,滿千折兩百,2720,網紅A,已完成
ORD-30609,台南,滿千折兩百,3966,網紅C,已完成
ORD-43388,台南,免運優惠,4750,無,已完成
ORD-62503,高雄,網紅專屬九折,1787,網紅B,已完成
ORD-35761,高雄,無,2087,網紅B,已完成
ORD-68118,台南,網紅專屬九折,3599,網紅B,已完成
ORD-23820,台北,網紅專屬九折,3704,無,已完成
ORD-54221,高雄,網紅專屬九折,1278,無,已完成
ORD-46197,台北,網紅專屬九折,3062,網紅A,已完成
ORD-33517,台北,無,4863,網紅C,已完成
ORD-60818,高雄,無,4357,無,已完成
ORD-38848,台中,網紅專屬九折,1994,網紅A,已完成
ORD-40361,台南,滿千折兩百,3696,無,已完成
ORD-89527,高雄,滿千折兩百,1337,網紅B,已完成
ORD-18893,台中,無,4933,網紅A,已完成
ORD-55673,台中,免運優惠,2834,網紅C,已完成
ORD-10341,桃園,網紅專屬九折,963,網紅C,已完成
ORD-39847,台北,免運優惠,2925,無,已完成
ORD-68878,台北,無,1769,網紅B,已完成
ORD-74586,台南,滿千折兩百,3003,無,已完成
ORD-45233,台中,無,3476,網紅B,已完成
ORD-40178,台中,免運優惠,2703,網紅A,已完成
ORD-37896,台中,無,960,網紅B,已完成
ORD-73956,高雄,免運優惠,1905,無,已完成
ORD-98046,台北,網紅專屬九折,4726,無,已完成
ORD-35000,高雄,免運優惠,510,網紅A,已完成
ORD-59955,台北,網紅專屬九折,3783,無,已完成
ORD-12429,台北,無,2780,無,已完成
ORD-54120,台中,網紅專屬九折,902,網紅B,已完成
ORD-94813,台北,免運優惠,4318,無,已完成
ORD-12654,台南,無,4156,網紅A,已完成
ORD-20411,台中,免運優惠,4076,無,已完成
ORD-96360,台北,網紅專屬九折,761,網紅B,已完成
ORD-62206,桃園,免運優惠,4493,無,已完成
ORD-72749,高雄,免運優惠,1450,網紅A,已完成
ORD-83910,台北,無,2290,網紅B,已完成
ORD-63770,台中,無,4583,網紅B,已完成
ORD-48733,台北,網紅專屬九折,1951,網紅B,已完成
ORD-95927,台中,免運優惠,1626,網紅B,已完成
ORD-40500,台南,免運優惠,4544,網紅C,已完成
ORD-65926,台中,網紅專屬九折,2452,網紅C,已完成
ORD-16977,台北,網紅專屬九折,4603,無,已完成
ORD-31949,高雄,網紅專屬九折,4195,網紅C,已完成
ORD-64735,台北,網紅專屬九折,2972,網紅A,已完成
ORD-49538,高雄,網紅專屬九折,2234,無,已完成
ORD-89144,台中,網紅專屬九折,1701,網紅B,已完成
ORD-79938,台南,免運優惠,4775,網紅A,已完成
ORD-27384,高雄,免運優惠,2965,網紅B,已完成
ORD-95290,台中,免運優惠,904,網紅C,已退款
ORD-60620,台北,免運優惠,2125,網紅B,已完成
ORD-20523,台北,網紅專屬九折,2318,無,已完成
ORD-77520,台中,網紅專屬九折,4008,無,已完成
ORD-18560,台南,滿千折兩百,931,網紅A,已完成
ORD-47868,台北,無,2114,無,已完成
ORD-89710,高雄,免運優惠,4709,網紅B,已完成
ORD-72460,高雄,滿千折兩百,3953,無,已完成
ORD-29854,高雄,無,3746,無,已完成
ORD-47775,台北,免運優惠,2625,網紅B,已完成
ORD-43584,高雄,網紅專屬九折,3379,網紅B,已完成
ORD-39365,台北,網紅專屬九折,862,網紅A,已完成
ORD-55358,台南,網紅專屬九折,1080,無,已完成
ORD-84639,台中,滿千折兩百,1915,網紅A,已完成
ORD-37659,台南,無,3585,無,已退款
ORD-73017,台北,網紅專屬九折,4039,網紅A,已完成
ORD-87076,台南,滿千折兩百,4354,網紅B,已退款
ORD-51532,台中,網紅專屬九折,2833,無,已完成
ORD-97501,高雄,無,3955,無,已完成
ORD-61916,台中,無,605,網紅A,已完成
ORD-41273,高雄,免運優惠,2471,網紅A,已完成
ORD-77535,高雄,滿千折兩百,2350,網紅C,已完成
ORD-32003,台北,滿千折兩百,1621,網紅B,已完成
ORD-29383,台北,免運優惠,2043,網紅B,已完成
ORD-25908,台中,無,965,無,已完成
ORD-81462,台中,滿千折兩百,3549,網紅A,已完成
ORD-63410,台北,網紅專屬九折,2634,網紅B,已完成
ORD-59168,台北,免運優惠,922,無,已完成
ORD-20787,台中,無,4213,網紅A,已完成
ORD-28064,桃園,網紅專屬九折,3888,無,已完成
ORD-64032,台中,無,1624,無,已完成
ORD-53934,台北,免運優惠,2601,無,已完成
ORD-94656,高雄,網紅專屬九折,2084,無,已完成
ORD-40775,台北,無,854,網紅B,已完成
ORD-50314,台北,滿千折兩百,917,無,已完成
ORD-93586,台北,無,4889,無,已完成
ORD-48738,台南,網紅專屬九折,3192,無,已完成
ORD-25966,台中,網紅專屬九折,3843,無,已完成
ORD-88793,台北,滿千折兩百,2643,無,已完成
ORD-30627,台中,無,2061,無,已完成
ORD-31319,台北,滿千折兩百,4779,網紅C,已完成
ORD-66272,台北,免運優惠,3127,網紅B,已完成
ORD-28442,台中,無,4064,無,已完成
ORD-71473,高雄,網紅專屬九折,2824,無,已完成
ORD-96869,台北,網紅專屬九折,2311,網紅B,已完成
ORD-12425,台中,免運優惠,2667,無,已完成
ORD-45823,台北,無,1810,無,已完成
ORD-41205,高雄,無,4239,無,已完成
ORD-94734,台南,網紅專屬九折,2264,無,已完成
ORD-95065,高雄,免運優惠,4712,無,已完成
ORD-23810,台北,免運優惠,937,網紅A,已完成
ORD-26950,台中,無,1373,無,已完成
ORD-56787,台中,免運優惠,3699,無,已完成
ORD-79945,高雄,免運優惠,4985,網紅B,已完成
ORD-89461,高雄,滿千折兩百,1049,網紅A,已完成
ORD-48720,台北,網紅專屬九折,3610,無,已完成
ORD-51853,台北,免運優惠,4118,網紅B,已完成
ORD-63965,台南,免運優惠,1734,無,已完成
ORD-44324,台北,無,3093,無,已完成
ORD-91610,台北,滿千折兩百,2294,無,已完成
ORD-44553,台中,滿千折兩百,2202,網紅A,已完成
ORD-36980,台中,無,1283,無,已完成
ORD-47823,台北,無,3962,無,已完成
ORD-89264,高雄,無,3733,網紅B,已完成
ORD-46690,台中,無,1889,網紅B,已完成
ORD-20560,桃園,滿千折兩百,4378,無,已完成
ORD-98114,高雄,網紅專屬九折,4264,網紅A,已完成
ORD-43351,台北,免運優惠,4664,網紅B,已完成
ORD-92495,台北,無,3147,無,已完成
ORD-16307,台南,網紅專屬九折,3550,網紅C,已完成
ORD-46530,高雄,免運優惠,3618,無,已完成
ORD-64381,台北,免運優惠,4199,網紅B,已退款
ORD-47846,台北,免運優惠,3305,網紅A,已完成
ORD-11976,台北,免運優惠,1798,網紅A,已完成
ORD-43950,高雄,免運優惠,1156,無,已完成
ORD-54670,台中,無,4796,無,已完成
ORD-61152,桃園,滿千折兩百,1775,無,已完成
ORD-98908,台南,免運優惠,3710,網紅B,已完成
ORD-70367,高雄,無,3050,無,已完成
ORD-50063,桃園,無,3146,網紅B,已完成
ORD-59052,台中,無,1738,無,已完成
ORD-82385,台北,網紅專屬九折,1775,無,已完成
ORD-94064,台中,網紅專屬九折,2100,網紅B,已完成
ORD-89817,桃園,網紅專屬九折,1931,網紅B,已完成
ORD-32787,台北,無,4420,無,已完成
ORD-24771,台北,滿千折兩百,2321,網紅A,已退款
ORD-65505,高雄,免運優惠,2591,網紅B,已完成
ORD-33328,台南,網紅專屬九折,2699,網紅A,已完成
ORD-75984,台北,網紅專屬九折,1287,網紅B,已完成
ORD-13624,高雄,免運優惠,745,無,已完成
ORD-14287,台北,無,1511,網紅C,已完成
ORD-45803,台中,網紅專屬九折,1654,網紅A,已完成
ORD-33992,台中,滿千折兩百,4264,無,已完成
ORD-28588,高雄,滿千折兩百,4826,網紅B,已完成
ORD-78766,台南,網紅專屬九折,639,網紅B,已完成
ORD-49961,台中,無,3691,無,已完成
ORD-27444,高雄,無,866,網紅A,已完成
ORD-36390,台北,免運優惠,1143,無,已完成
ORD-60976,台北,無,4582,網紅B,已完成
ORD-77911,桃園,滿千折兩百,757,無,已完成
ORD-21717,台南,網紅專屬九折,1767,網紅C,已完成
ORD-39809,桃園,無,1046,無,已完成
ORD-74526,台北,滿千折兩百,3399,網紅B,已完成
ORD-76272,台南,免運優惠,3522,無,已完成
ORD-21107,台北,無,1088,網紅A,已完成
ORD-31588,台北,滿千折兩百,3232,無,已完成
ORD-93628,台南,免運優惠,4203,無,已完成
ORD-13564,台北,滿千折兩百,565,無,已完成
ORD-16013,台北,無,3920,無,已完成
ORD-20304,桃園,免運優惠,4643,無,已完成
ORD-72107,高雄,免運優惠,593,網紅A,已完成
ORD-27964,桃園,網紅專屬九折,2350,無,已完成
ORD-60657,台北,滿千折兩百,975,網紅A,已完成
ORD-20464,高雄,免運優惠,2642,無,已完成
ORD-79924,台北,滿千折兩百,2785,網紅B,已完成
ORD-22810,台北,免運優惠,892,無,已完成
ORD-17713,高雄,滿千折兩百,4988,無,已完成
ORD-64399,台北,無,2471,網紅B,已完成
ORD-71847,台北,無,872,網紅C,已完成
ORD-78509,高雄,無,3867,無,已完成
ORD-38135,台北,無,1012,網紅B,已完成
ORD-73892,台中,滿千折兩百,2786,無,已完成
ORD-56242,台北,網紅專屬九折,3713,無,已完成
ORD-33258,台中,滿千折兩百,2680,網紅B,已完成
ORD-36182,台北,無,3259,無,已完成
ORD-48856,高雄,無,1251,無,已完成
ORD-84968,高雄,網紅專屬九折,1188,網紅A,已完成
ORD-45545,高雄,滿千折兩百,995,網紅A,已完成
ORD-22859,高雄,免運優惠,2586,網紅A,已完成
ORD-29843,高雄,免運優惠,4787,網紅C,已完成
ORD-11590,高雄,滿千折兩百,1407,無,已完成
ORD-84535,台中,免運優惠,1354,網紅B,已完成
ORD-46628,高雄,網紅專屬九折,3664,無,已完成
ORD-36944,高雄,滿千折兩百,3172,無,已完成
ORD-53824,桃園,網紅專屬九折,3623,無,已完成
ORD-21503,台北,無,3123,網紅C,已完成
ORD-80323,台中,無,3130,無,已完成
ORD-62968,高雄,滿千折兩百,2437,無,已完成
ORD-21926,台北,滿千折兩百,1499,網紅B,已完成
ORD-82125,台北,免運優惠,1575,網紅C,已完成
ORD-13320,台北,無,4968,無,已完成
ORD-95321,台北,免運優惠,2641,網紅A,已完成
ORD-42856,台北,免運優惠,3220,網紅A,已完成
ORD-36821,高雄,網紅專屬九折,1841,網紅C,已完成
ORD-28639,台北,滿千折兩百,1070,網紅C,已完成
ORD-61620,台中,網紅專屬九折,4241,無,已完成
ORD-74402,高雄,無,4228,無,已完成
ORD-92599,台南,免運優惠,2176,網紅B,已完成
ORD-67319,高雄,免運優惠,2610,網紅A,已完成
ORD-70946,桃園,滿千折兩百,1173,網紅B,已完成
ORD-58410,高雄,網紅專屬九折,1560,網紅C,已完成
ORD-32699,桃園,無,1941,無,已完成
ORD-82853,台中,滿千折兩百,3950,網紅B,已完成
ORD-48374,桃園,網紅專屬九折,3444,網紅B,已完成
ORD-75615,高雄,無,3914,無,已完成
ORD-11980,台北,網紅專屬九折,4874,網紅A,已完成
ORD-84743,台北,免運優惠,1028,網紅C,已完成
ORD-27200,桃園,免運優惠,3044,網紅C,已完成
ORD-41268,台北,網紅專屬九折,989,網紅A,已完成
ORD-76208,台南,網紅專屬九折,892,網紅B,已完成
ORD-85503,高雄,網紅專屬九折,1913,無,已完成
ORD-19678,高雄,無,1689,無,已完成
ORD-55630,台中,無,4482,網紅B,已完成
ORD-59657,台北,滿千折兩百,1764,無,已完成
ORD-72987,台北,網紅專屬九折,1098,無,已完成
ORD-56154,台北,滿千折兩百,4804,網紅A,已完成
ORD-77078,台中,網紅專屬九折,1278,網紅B,已完成
ORD-50598,桃園,無,3281,網紅B,已完成
ORD-48783,高雄,滿千折兩百,4732,無,已完成
ORD-25784,台中,滿千折兩百,1962,無,已完成
ORD-72022,台北,網紅專屬九折,3548,網紅B,已完成
ORD-86417,高雄,無,2635,網紅C,已完成
ORD-28937,台北,無,2155,網紅B,已完成
ORD-91998,台北,網紅專屬九折,3058,網紅B,已完成
ORD-39151,高雄,無,3770,網紅A,已完成
ORD-75513,台南,滿千折兩百,1049,網紅B,已完成
ORD-26441,高雄,網紅專屬九折,1184,網紅B,已完成
ORD-47569,台中,滿千折兩百,4346,網紅B,已完成
ORD-73773,台北,免運優惠,1785,網紅B,已完成
ORD-35840,台北,免運優惠,4845,網紅A,已完成
ORD-45305,台北,無,862,網紅A,已完成
ORD-57827,台北,網紅專屬九折,4647,網紅A,已完成
ORD-39025,台北,網紅專屬九折,521,無,已完成
ORD-24951,台北,免運優惠,2115,網紅C,已退款
ORD-13314,台北,網紅專屬九折,3568,無,已完成
ORD-43284,台北,無,3408,網紅B,已完成
ORD-46273,台中,網紅專屬九折,3320,無,已完成
ORD-68887,高雄,滿千折兩百,1527,無,已完成
ORD-20701,台北,無,3143,網紅B,已完成
ORD-68560,台北,網紅專屬九折,3193,網紅B,已完成
ORD-49687,桃園,網紅專屬九折,4717,網紅A,已完成
ORD-59777,台北,免運優惠,1319,無,已完成
ORD-65436,高雄,免運優惠,783,無,已完成
ORD-43298,高雄,無,2402,網紅B,已完成
ORD-83102,高雄,網紅專屬九折,4387,無,已完成
ORD-54989,高雄,滿千折兩百,546,無,已完成
ORD-27739,高雄,無,2783,無,已完成
ORD-90746,台北,滿千折兩百,3068,網紅B,已完成
ORD-20652,高雄,滿千折兩百,888,無,已完成
ORD-60853,台北,無,1952,網紅A,已完成
ORD-58991,高雄,滿千折兩百,3233,網紅A,已完成
ORD-14086,桃園,滿千折兩百,3005,無,已完成
ORD-55996,台中,網紅專屬九折,2719,網紅B,已完成
ORD-26352,台北,滿千折兩百,1110,網紅A,已完成
ORD-23321,台北,滿千折兩百,4825,網紅A,已完成
ORD-87240,桃園,免運優惠,3292,無,已完成
ORD-82645,台北,滿千折兩百,3661,無,已完成
ORD-59417,台南,無,1872,網紅A,已完成
ORD-60428,台北,網紅專屬九折,4787,無,已完成
ORD-54083,台北,網紅專屬九折,1022,網紅A,已完成
ORD-27441,高雄,滿千折兩百,1720,網紅B,已完成
ORD-52498,台北,網紅專屬九折,4236,無,已完成
ORD-81918,高雄,滿千折兩百,4053,無,已完成
ORD-86859,台中,滿千折兩百,3701,網紅A,已完成
ORD-91583,高雄,免運優惠,1501,網紅A,已完成
ORD-31385,台中,網紅專屬九折,4700,網紅C,已完成
ORD-11027,高雄,滿千折兩百,1984,無,已完成
ORD-44899,高雄,網紅專屬九折,3642,無,已完成
ORD-65858,桃園,免運優惠,1552,網紅B,已完成
ORD-63117,台北,滿千折兩百,4042,網紅A,已完成
ORD-37195,台中,免運優惠,821,網紅B,已完成
ORD-32262,台北,免運優惠,2199,網紅B,已完成
ORD-72924,桃園,滿千折兩百,795,無,已完成
ORD-91747,高雄,滿千折兩百,507,網紅C,已完成
ORD-59352,台北,免運優惠,1560,網紅C,已完成
ORD-11118,台北,免運優惠,568,網紅B,已完成
ORD-77922,桃園,網紅專屬九折,3596,網紅B,已退款
ORD-33341,台中,免運優惠,4526,網紅B,已完成
ORD-85418,台中,無,4533,無,已完成
ORD-22613,桃園,免運優惠,565,網紅B,已完成
ORD-24380,台北,免運優惠,2163,網紅A,已完成
ORD-96016,台中,無,4260,網紅B,已完成
ORD-25612,台北,免運優惠,1725,網紅B,已完成
ORD-26976,桃園,免運優惠,2539,無,已完成
ORD-96115,高雄,無,3643,網紅A,已完成
ORD-11049,高雄,無,3074,網紅B,已完成
ORD-84842,高雄,免運優惠,2438,網紅B,已完成
ORD-99598,台中,無,3304,無,已完成
ORD-83312,台北,無,4809,無,已完成
ORD-43678,高雄,免運優惠,4899,無,已完成
ORD-92980,高雄,網紅專屬九折,804,無,已完成
ORD-83692,台中,無,1676,無,已完成
ORD-79840,台南,滿千折兩百,2320,網紅C,已完成
